donor_id,name,blood_type,location,email,last_donated,phone_number
123754554796088632,Aubrey Nare,O-,Nioro du Rip,anare0@dedecms.com,3/10/2019,6549938251
4804018833243272407,Mariam Barwell,O+,Kitimat,mbarwell1@samsung.com,5/3/2020,+919087113721
7746305953947688681,Barny Salazar,B+,Reforma,bsalazar2@fda.gov,8/19/2019,9883851341
3859898954707214630,Dinah Jacmard,B-,Lela,djacmard3@people.com.cn,11/29/2020,2487218538
5364679941344666306,Raymond Gorbell,A-,Pancanagara,rgorbell4@sohu.com,8/19/2019,7102027194
4344877174134437833,Arlin Linch,A-,Nantes,alinch5@e-recht24.de,5/29/2019,2871237367
8752902319464204949,Marielle Size,B-,Wiphawadi,msize6@friendfeed.com,5/18/2019,6105064100
1899524649807244618,Ludovika Abrey,AB+,Tinaquillo,labrey7@simplemachines.org,7/22/2019,+919087113721
1611549030235192748,Spenser Liddle,O+,Qarāwul,sliddle8@globo.com,3/13/2019,+919003722241
479230487625434077,Martelle Kreuzer,A+,Mangge,mkreuzer9@bing.com,7/12/2019,6853175051
6395988321444236923,Aubry Crumby,B-,Panghadangan,acrumbya@arstechnica.com,4/18/2019,2029618653
5797744212104137474,Andy Lavallie,O+,Yinjiaxi,alavallieb@tripadvisor.com,12/10/2021,+91970179951
1019190951528437103,Gabey Mitchell,A-,Marcovia,gmitchellc@newyorker.com,2/7/2021,7216596896
2978670610141056352,Faun Mawman,AB-,Brody,fmawmand@wp.com,4/29/2019,3121498387
2340375804167639254,Giulietta Vian,B-,Yantang,gviane@berkeley.edu,3/27/2020,1169781723
5069668525161501047,Danie Sherington,A+,Yazman,dsheringtonf@miitbeian.gov.cn,4/15/2020,4175094799
597682279938367923,Joete Demageard,O-,Levallois-Perret,jdemageardg@amazon.co.jp,6/16/2019,9505329734
4726792436023993291,Hyatt Bourgaize,AB-,Honoria,hbourgaizeh@timesonline.co.uk,5/25/2019,8609858549
4283878113835279684,Fiona Lubomirski,O+,Jijiazhuang,flubomirskii@google.co.jp,1/23/2020,5113246672
8313158597016601900,Wilma Ousby,O-,Haduohe,wousbyj@kickstarter.com,2/6/2019,7676393326
1562479398297280348,Barnebas Meus,O+,Taohuajiang,bmeusk@berkeley.edu,11/5/2019,5333264284
6646530356618072243,Granger Chiene,A+,Makrýgialos,gchienel@whitehouse.gov,11/20/2021,9057864661
6595808516562505542,Matilda Sidary,B+,Slantsy,msidarym@tinyurl.com,10/4/2020,5433025062
423961238954820207,Lucienne Matussevich,B+,Yangzhuang,lmatussevichn@umich.edu,11/9/2021,7822149344
9363676146080132629,Ronny Hayle,O+,Villa Urquiza,rhayleo@google.co.uk,6/28/2019,5775814673
2326893927189347326,Nathanial Saltwell,A+,Venâncio Aires,nsaltwellp@hhs.gov,3/22/2021,6478105056
1989134298774988499,Osbert Girt,A-,Jacobina,ogirtq@taobao.com,9/11/2021,4625364471
8753771032925534559,Judd Dobeson,A-,Granada,jdobesonr@ning.com,4/16/2019,4753364053
5827059558418973852,Dwayne Tollett,B-,Tangtu,dtolletts@dropbox.com,1/18/2020,5114228420
9296988398068303093,Letizia Byham,A-,Rancakole,lbyhamt@tamu.edu,3/3/2020,9961157163
7080236586029786066,Reuben Croyser,O+,Mustvee,rcroyseru@squarespace.com,7/12/2020,3858277055
7988299603914196869,Nick Tinto,AB-,Borås,ntintov@webmd.com,8/29/2021,1053688349
5873689858605233237,Hunt Eldered,O-,Hualian,helderedw@ed.gov,5/9/2021,5327097037
314548610837228969,Timoteo Paulitschke,B+,Santa Isabel,tpaulitschkex@ameblo.jp,7/11/2021,9388910514
8418218071890976460,Emelia Stit,AB-,Zhijiang,estity@simplemachines.org,6/13/2020,7119252120
9537781111668989240,Mathilda Killeen,O+,Lisia Góra,mkilleenz@networkadvertising.org,10/11/2021,6302623545
653245250900945414,Calypso Threlkeld,O-,Xinwo,cthrelkeld10@aol.com,1/22/2021,2352119848
2180735889444290180,Stavros Silverston,AB-,São Martinho,ssilverston11@moonfruit.com,10/25/2019,3102264595
9331673549246444601,Robbi Hains,B+,Iquipi,rhains12@globo.com,9/9/2019,2084195717
9113197136898805906,Laryssa Storer,AB+,Troyes,lstorer13@utexas.edu,4/23/2021,6176247195
4600880414203827830,Teodoro Markey,O-,Malaga,tmarkey14@tamu.edu,9/19/2021,3876228517
4239152826528472749,Bond Posen,A+,Sourotí,bposen15@t-online.de,2/19/2020,8211131923
3865687213091128069,Elly Mobbs,A-,Ar Ruḩaybah,emobbs16@dailymotion.com,6/22/2019,7945151251
2132966921610576279,Griz Artz,O+,Pagsanahan Norte,gartz17@google.de,10/22/2019,2864913913
6655873768720127550,Tamma Martignoni,AB+,Khlong Sam Wa,tmartignoni18@amazon.co.jp,10/8/2019,2559466309
9351464479667418335,Luther Pile,O-,Purranque,lpile19@prnewswire.com,12/5/2020,3488977108
8722855465761266601,Jelene Stoddart,A-,Dióni,jstoddart1a@themeforest.net,8/20/2020,1777862352
3812566795237875098,Gilles DeSousa,AB+,Oroquieta,gdesousa1b@google.com.hk,3/21/2020,4003027430
5060330499058261239,Bax Prosch,AB+,Wilkowice,bprosch1c@ftc.gov,10/19/2021,1731276269
3248923995571960154,Aylmer Stanwix,AB-,Ngedhubasa,astanwix1d@hhs.gov,11/20/2021,4315651423
7176441314035295140,Ethelred MacIver,A+,New York City,emaciver1e@twitter.com,12/21/2019,6468787609
9025510185640431545,Jarrett Witherbed,A-,Swiętajno,jwitherbed1f@indiatimes.com,5/11/2019,7391607949
3386386392156122832,Caresa Ostler,B-,Wajir,costler1g@twitpic.com,5/25/2019,9658620429
6877666341245760953,Aldus Robken,O+,Gonghe,arobken1h@multiply.com,12/26/2019,6934053974
3432921428637850961,Meade Giral,A+,Xiagong,mgiral1i@goo.gl,3/1/2020,5484537052
6968352880364557351,Magdaia Heilds,O-,Sevlievo,mheilds1j@alibaba.com,6/3/2021,3666374277
9956161166848108342,Zabrina Heliar,A-,Lewo,zheliar1k@miitbeian.gov.cn,7/19/2021,6037492314
9658585937121907593,Rosalie Elletson,AB+,Ruo,relletson1l@prlog.org,5/3/2020,9353189421
9763569859217152947,Elinor Goldin,O-,Niedercorn,egoldin1m@nymag.com,7/5/2019,6602702650
390724729041117122,Tessy Shoveller,O+,Chongxian,tshoveller1n@ft.com,9/28/2020,5169770043
465701047532256449,Christoforo Fricker,A+,Sundbyberg,cfricker1o@microsoft.com,9/6/2020,5105263187
1451868452506638913,Una Wolfendell,O+,Mudanjiang,uwolfendell1p@cbslocal.com,4/20/2019,7602769131
663548452518017080,Grier Cruise,B+,Nässjö,gcruise1q@webeden.co.uk,3/13/2021,7023602895
9944868068088814394,Thom Prendergrast,O+,20 de Noviembre,tprendergrast1r@hostgator.com,7/3/2021,2572470291
9130151788130981428,Jorge Kubal,AB-,Ljukovo,jkubal1s@netscape.com,9/28/2021,8241146977
6910470285889775915,Camilla Pleass,AB-,Santa Ana,cpleass1t@ibm.com,7/8/2021,7419173405
1845545177875056933,Donal Klimp,B-,Paris 01,dklimp1u@theguardian.com,6/12/2020,9909797543
1217235065773754170,Wilek Thorby,O+,Nieborów,wthorby1v@foxnews.com,4/4/2019,3248254197
6545918798187686860,Bertie Ianiello,A-,Huabeitun,bianiello1w@ifeng.com,8/7/2021,4838741386
6446238388790539637,Gerrie Dockwra,O-,Vischongo,gdockwra1x@nationalgeographic.com,2/20/2020,8757341002
7022729362211017490,Brande Sherratt,AB+,Puerto Natales,bsherratt1y@plala.or.jp,5/11/2020,3666229952
2810087355392751309,Winnie Ottewill,AB-,Ashgabat,wottewill1z@springer.com,7/9/2019,5716956821
6922313421784043887,Quintus Gatrill,AB+,Caen,qgatrill20@angelfire.com,12/15/2020,1884292770
8089935383891240347,Tootsie Cottrill,AB+,Šenčur,tcottrill21@answers.com,1/11/2021,2219219912
7581534449831512366,Blithe Donnellan,A-,Shijia,bdonnellan22@t-online.de,9/28/2021,2398789493
1415636465118664644,Demetria Toplin,A+,Pasirnangka,dtoplin23@mysql.com,10/11/2020,3067479306
6549583325343204055,Eugine Eathorne,O-,Sorang,eeathorne24@google.ca,9/15/2019,3141383740
9797313753790029765,Erica Waterstone,O-,Lófos,ewaterstone25@ycombinator.com,11/26/2020,7255369404
7973080569905253708,Mikkel Charlewood,AB+,Atibaia,mcharlewood26@soup.io,5/24/2021,4326463455
2569196158861196669,Abbe Bloggett,O-,Nyandoma,abloggett27@cafepress.com,11/19/2021,5393260301
5401430271435252878,Heidi Berrow,AB-,Skuhrov nad Bělou,hberrow28@cpanel.net,6/11/2019,8697122523
4266106273821899343,Shantee Cosh,B+,Thames,scosh29@posterous.com,3/1/2019,1155139822
1753230436638136645,Dominick Coote,O+,Jinshiqiao,dcoote2a@chron.com,1/18/2021,6313454824
541471363998060352,Demetris Apdell,B+,Nangan,dapdell2b@cnet.com,6/1/2019,8132027873
5460180982099657161,Wiatt Cardenas,B-,Cikuray,wcardenas2c@baidu.com,7/13/2019,5293271631
931396291184921902,Ingaborg Heinsh,A+,Mississauga,iheinsh2d@hugedomains.com,11/7/2020,9855135073
5549367965886236633,Maggee Tweedle,B+,Nangen,mtweedle2e@phpbb.com,5/21/2020,7657406158
593590485830933758,Hagen Worthy,B+,Longtou,hworthy2f@imdb.com,3/19/2019,6248720298
7077127264523860775,Carie Beloe,AB+,Rettikhovka,cbeloe2g@europa.eu,8/29/2019,8176417950
5404560335718935663,Robinet Igoe,A-,Viedma,rigoe2h@youku.com,1/10/2020,6317701315
8261411020829951174,Margaret Aronstein,AB-,Buchanan,maronstein2i@digg.com,1/24/2020,9864336428
5297420111636722705,Winn Bateman,B-,Säffle,wbateman2j@examiner.com,3/29/2021,3379727232
8267236258025019224,Suzette Todman,AB+,Sumbergedong,stodman2k@instagram.com,10/27/2020,1284569261
7093905029662694545,Blaine Burdis,A-,Gapluk,bburdis2l@google.it,3/25/2021,3691109984
8459547703539572203,Emilia Killelea,O+,Dahua,ekillelea2m@comcast.net,4/6/2019,3054855002
5041700665487729282,Emilee Soppit,AB+,Kýthnos,esoppit2n@cnet.com,9/3/2021,2912871746
3136602077396228576,Finley Passie,A-,Mpanda,fpassie2o@cloudflare.com,9/15/2019,3555558114
2317992001882259482,Berry McCullock,AB-,Dongdong,bmccullock2p@zdnet.com,3/11/2021,8698225556
4209983248246642104,Ramon Sanz,O+,Bayuin,rsanz2q@cloudflare.com,3/9/2021,7432010678
2629075847469662945,Jandy Pomfrett,A-,Maundai,jpomfrett2r@homestead.com,2/17/2019,6138237336
8828801990373371855,Willi Giacovetti,A-,Alis,wgiacovetti2s@pbs.org,7/22/2019,1181500155
6064008816043472901,Felita Krolik,AB-,Sitiarjo,fkrolik2t@google.pl,5/27/2021,9547647489
106189372447411121,Darill Robb,A+,Candelária,drobb2u@hp.com,6/13/2019,3648375098
6070882964414640593,Selinda Newgrosh,A+,Miaofengshan,snewgrosh2v@unesco.org,6/18/2021,7261125903
7343156652325633376,Shermie O'Luney,O-,Jianjiang,soluney2w@prnewswire.com,3/21/2019,6123273739
367381101688437818,Wildon Simoncini,A-,Semarapura,wsimoncini2x@mashable.com,2/4/2020,9921649696
4136112782824592512,Romeo Dwire,AB+,Independencia,rdwire2y@fastcompany.com,4/3/2019,9215691512
7602931477934507150,Muire Kewish,AB+,Uppsala,mkewish2z@uiuc.edu,10/2/2020,7125157565
7223274957538887720,Gerianna Habbal,AB-,Pingle,ghabbal30@examiner.com,12/26/2020,8142657892
1085775112485567951,Kareem Grouen,B-,Budakovo,kgrouen31@washingtonpost.com,11/5/2021,4752102241
7201760990263074933,Jenni Marland,A-,Gaptsakh,jmarland32@umn.edu,4/28/2019,7682830818
3142015479885082736,Bale Yvon,A+,Kusatsu,byvon33@so-net.ne.jp,9/30/2020,9973607101
3621853427195415226,Cyrille Harsnipe,A-,Pingxiang,charsnipe34@google.de,10/14/2021,5783217055
2351148699001598331,Thorvald Heyfield,B-,Dongkeng,theyfield35@privacy.gov.au,3/22/2019,2637474713
3305154712080256276,Bidget Whistlecraft,A+,Sadov,bwhistlecraft36@ning.com,5/16/2020,9478867334
2771411612564499633,Quintin O'Sculley,AB+,Hagi,qosculley37@whitehouse.gov,8/6/2021,9667042693
6153572311647839937,Nollie Mustard,AB-,Jinqu,nmustard38@list-manage.com,9/15/2020,1258049401
8188519361000172512,Shaina Montague,AB+,Banjar Sengguan,smontague39@reddit.com,10/11/2021,7205475762
3418623979940978567,Jarrett Armitage,O+,Fenais da Luz,jarmitage3a@nydailynews.com,9/29/2019,4652874717
6568147672526584574,Brit Grizard,B+,Huangshan,bgrizard3b@marketwatch.com,1/5/2019,8564011829
4555604003447478724,Rosemaria Lafee,O-,Tierra Blanca,rlafee3c@dot.gov,5/12/2019,7155846718
4704531608360629627,Scot Franciottoi,O+,Santo Ângelo,sfranciottoi3d@opera.com,2/20/2019,6315756729
2006968260467238974,Ciro Peevor,B+,Hexi,cpeevor3e@jigsy.com,5/18/2019,4054048614
3442972199812026394,Heindrick Leipelt,O-,Tian’an,hleipelt3f@tripod.com,12/14/2021,3636727615
3380537640552723956,Garik Ghelardoni,B+,Łęczyce,gghelardoni3g@wikia.com,8/8/2019,1067975693
8263133839986509241,Jeff Barnbrook,AB-,Gachancipá,jbarnbrook3h@loc.gov,2/19/2019,1397009822
3851203463982920108,Brenda Kingh,AB+,Lunéville,bkingh3i@auda.org.au,6/14/2021,7602432231
5599578698587617860,Cleopatra Pease,AB+,Banawang,cpease3j@dedecms.com,9/7/2021,7732945292
26748821523761233,Derrek Goosnell,B-,Patabog,dgoosnell3k@sphinn.com,6/23/2020,5571259283
6347508341158490678,Pennie Blakiston,AB+,Zoumachang,pblakiston3l@w3.org,3/31/2019,2281628392
9555315720140374503,Emogene Hastwell,O+,Guinsang-an,ehastwell3m@wired.com,5/8/2019,3907198219
5950696304649286589,Isiahi Gallego,B-,Santa Rosa,igallego3n@infoseek.co.jp,1/27/2019,6834516863
5391893149857682334,Cynthie Macias,A-,Myaydo,cmacias3o@google.co.uk,4/9/2021,3714987374
3037527330221760179,Chelsey Litster,AB-,Kępie Żaleszańskie,clitster3p@geocities.jp,1/8/2021,4232957967
7355634199529879520,Vinnie Rockwill,AB+,Kapinango,vrockwill3q@weibo.com,10/17/2021,9313171405
9721077949176374404,Bentley Sells,A+,Uničov,bsells3r@yellowpages.com,4/21/2020,8412177986
5354593572242001684,Leopold Posen,B-,Guantánamo,lposen3s@usda.gov,2/19/2020,2696339531
6903547982008598310,Adlai Hamlyn,O+,Lam Sonthi,ahamlyn3t@mozilla.org,7/28/2021,2436620850
6442151490745645093,Jillana Oven,AB+,Santa Ana,joven3u@wired.com,9/22/2021,3938399019
8170408195537364968,Lou Nugent,A+,Ilmajoki,lnugent3v@hao123.com,2/8/2019,1166834664
6709407794858769167,Lorri Hanbidge,O-,Grujugan,lhanbidge3w@icq.com,2/17/2020,4097220805
1014557691136722109,Stevana Watkins,A-,Tercena,swatkins3x@g.co,5/22/2020,5799885046
6206195289068584221,Stanislas Moquin,AB+,West Kelowna,smoquin3y@liveinternet.ru,7/25/2019,3302219903
1923414798583157555,Kain Vasquez,A+,Chinju,kvasquez3z@netvibes.com,11/10/2019,3667440954
2317784251325724528,Cordula Crittal,A+,Pingshanhu,ccrittal40@china.com.cn,6/23/2021,9748844299
954368484721438302,Juliette Dorow,AB-,Hisor,jdorow41@alibaba.com,4/12/2021,2768899372
4758672628325937915,Roxine Titheridge,B-,La Ensenada,rtitheridge42@sciencedaily.com,2/6/2021,4388473731
7911413042951078713,Bridget Gillan,AB+,Tanjungsari Barat,bgillan43@narod.ru,9/26/2021,5798113564
3156911712621916787,Deirdre Edinboro,A-,Septfontaines,dedinboro44@wisc.edu,3/7/2019,5027787338
4921846982858145977,Abrahan Hollyar,AB+,Libochovice,ahollyar45@quantcast.com,3/28/2020,8115878506
8517494378604930211,Fae Hessing,AB+,Tamontaka,fhessing46@soup.io,7/14/2019,9006894357
5650192457686892027,Sebastian Tingle,B+,Sandefjord,stingle47@whitehouse.gov,9/14/2019,1009105913
9978938596345681228,Arley Woofendell,AB+,Kuala Lumpur,awoofendell48@hexun.com,7/2/2019,3742868605
6161622406265849474,Tiebold Lorrimer,O+,Reina Mercedes,tlorrimer49@dropbox.com,3/19/2020,9561414690
8338643328985916529,Creigh Olner,AB-,Gurung,colner4a@indiatimes.com,10/23/2021,9169401304
3663487428769464166,Sophia Britner,B-,Varnsdorf,sbritner4b@i2i.jp,7/10/2019,3059364349
3937755235586031509,Amby Normanton,A+,Pribrezhnyy,anormanton4c@biglobe.ne.jp,10/21/2019,3158515201
8170098515157751893,Pattie Ibberson,AB+,Clarines,pibberson4d@goo.gl,7/31/2021,4486671478
4720073586749686293,Christian Warcup,O-,Jiangchuan,cwarcup4e@bravesites.com,8/16/2021,4583270837
4335412040093068049,Gay Camin,AB+,Kamenica,gcamin4f@sogou.com,10/7/2019,7083367458
96755284011659202,Lilith Runnett,B-,Niort,lrunnett4g@moonfruit.com,1/12/2020,6901607915
3081658147679287359,Pet Sheldon,B-,Rizal,psheldon4h@ucsd.edu,3/24/2020,4758206642
4076553071023221097,Katrinka McKern,O-,Mikołów,kmckern4i@dot.gov,11/26/2019,6171858325
2436672156079488271,Velvet Linzey,B-,Nowshera,vlinzey4j@ustream.tv,6/6/2021,7221532019
2257147862699694626,Paige Chittim,A-,Polonne,pchittim4k@who.int,12/13/2021,4407022517
6511849058221507587,Emmye Renard,B+,Itambé,erenard4l@cyberchimps.com,11/26/2020,4829747477
293694852169775177,Miranda Stanyland,O+,Puerto López,mstanyland4m@theatlantic.com,3/4/2020,3965889889
4615540381137835838,Rodrick Ellicott,AB-,Diamantino,rellicott4n@cmu.edu,9/8/2020,2006916226
5760035921867293954,Katlin Medlen,B-,Numan,kmedlen4o@samsung.com,9/29/2021,8886011913
7591473107716687293,Reta Itzhaiek,AB-,Paços de Ferreira,ritzhaiek4p@macromedia.com,1/24/2020,4122582649
9258411777958801536,Keven Jerdein,B+,Tisul’,kjerdein4q@ocn.ne.jp,9/9/2019,2434637252
6017764150414504063,Waneta Bruinemann,O+,Phayao,wbruinemann4r@wikipedia.org,1/26/2021,8966990004
7207248300953947512,Jay Origin,A-,Lindian,jorigin4s@yolasite.com,7/12/2021,9866190564
2674730936059053888,Tommie Cassy,AB+,Myski,tcassy4t@seesaa.net,7/30/2019,5671585284
3861897503252499632,Aloysius Revely,AB-,Eindhoven,arevely4u@un.org,11/7/2019,4126852083
6869746996404817141,Maison Bencher,O+,El Progreso,mbencher4v@ed.gov,5/14/2019,6333639901
8367371391000055420,Livy Soloway,B-,Patalan,lsoloway4w@uiuc.edu,4/30/2019,6522351010
4364083762224621429,Hodge Forrestall,O-,Saint John,hforrestall4x@studiopress.com,4/28/2021,9458608466
7145065744884830270,Chrysler Skeeles,A+,Rates,cskeeles4y@flavors.me,9/29/2020,6574332262
9520190653212542077,Julieta Stain,A+,Hatu Buh,jstain4z@quantcast.com,12/10/2019,2849097211
1279315374359659622,Tamara Ceresa,O+,Lolak,tceresa50@hexun.com,7/6/2020,6235935820
4607210503837486631,Der Stanbra,O+,Shagedu,dstanbra51@booking.com,10/14/2021,9642186702
972780698265856982,Claudette Rendell,O+,Tála,crendell52@cbslocal.com,2/7/2019,6755520914
7538644987823942367,Chandler Jaeggi,O+,Kut Chap,cjaeggi53@angelfire.com,10/15/2020,3833232434
5199621359460875699,Delcine Hutchcraft,O+,Xuling,dhutchcraft54@ed.gov,6/29/2020,9665567257
7059526504898625305,Kassi Bourchier,O-,Banī an Nahārī,kbourchier55@jigsy.com,9/23/2021,9265456443
156671958595459600,Reed Pahler,AB+,Rayong,rpahler56@hatena.ne.jp,3/28/2021,7813057586
7004238471366050882,Mickie Ivanisov,B-,Kuishan,mivanisov57@slideshare.net,8/17/2020,3686675674
9917086188214182198,Wylie Annesley,AB-,Hongyang,wannesley58@domainmarket.com,5/8/2020,7893249073
4945626411620598576,Ulric Gadson,B-,Cleveland,ugadson59@intel.com,2/25/2021,2164182691
8003669102672959142,Bastien Summerley,A-,Longbei,bsummerley5a@acquirethisname.com,11/1/2021,1299279979
4648713154812518865,Hillard Doodson,AB+,Warwick,hdoodson5b@msn.com,4/15/2019,9752117282
521129158753092785,Gran Paice,B+,Denton,gpaice5c@nsw.gov.au,10/14/2020,9402005562
4093455037360877395,Aubert Cardon,B+,Beiguoyuan,acardon5d@blogspot.com,3/22/2021,4054977825
4772941744394413681,Dix Bunford,O-,Jiangcun,dbunford5e@google.ca,5/16/2019,2494277420
8799417903482888095,Westbrooke Duncan,O+,Aiximan,wduncan5f@ycombinator.com,6/8/2019,7554649175
4261709890173891784,Giorgia Jzak,B+,Tsurusaki,gjzak5g@is.gd,6/28/2021,8258006007
6449958756772119783,Lemmie Woollacott,O+,Yong’an,lwoollacott5h@yahoo.co.jp,12/13/2020,2417857563
9379169626036110890,Theodor Breacher,B-,Kahrīz,tbreacher5i@tamu.edu,10/25/2019,9815905183
3344896651790649499,Shandie Kingston,AB-,Molteno,skingston5j@geocities.jp,11/28/2020,8425642983
5261831325136082306,Eolande McVity,B-,Enrekang,emcvity5k@altervista.org,1/15/2019,6209863805
899842159212796118,Brook Jephson,O-,N'Djamena,bjephson5l@booking.com,1/31/2021,4066327687
5231591689594807493,Evangelia Nisius,AB-,Surin,enisius5m@hatena.ne.jp,2/25/2020,9755819520
9239258558118658926,Whitman Gorman,AB+,Wiphawadi,wgorman5n@uiuc.edu,5/20/2020,2225391968
4218887482996698091,Bernard Bernli,B+,Gibsons,bbernli5o@zimbio.com,6/28/2021,6095375249
4839389901457942496,Evita Bagger,A+,Sagarejo,ebagger5p@sourceforge.net,3/11/2020,7697513998
2684165621316618625,Renato Bilverstone,A+,Daxi,rbilverstone5q@devhub.com,5/15/2020,3689478906
136521395994193831,Bunny Lamzed,A-,Pasirsongket Dua,blamzed5r@addtoany.com,8/19/2020,8256489540
5009662086266037252,Monty Quenell,B-,Piła,mquenell5s@pcworld.com,7/13/2020,7673125551
6772862650501336756,Papagena Chetwynd,AB+,Mabuhay,pchetwynd5t@stanford.edu,1/19/2021,4476852316
9210290748712176484,Merci Chater,A+,Novyy,mchater5u@wufoo.com,4/4/2019,5478283570
6333906740748012551,Theresita Muddimer,AB+,Fuzhiping,tmuddimer5v@cbslocal.com,1/28/2019,5391775041
7035246804840706430,Cornall Hanfrey,AB-,Paiçandu,chanfrey5w@narod.ru,2/24/2019,1487494744
3637615181066770299,Moore Juggins,AB-,Kebonagung,mjuggins5x@altervista.org,3/6/2020,5001983301
5827382224902138481,Rosalie Bachshell,B-,Insiza,rbachshell5y@zdnet.com,3/20/2019,5872973583
9890455650656170540,Abner Dudmarsh,AB+,Sarāvān,adudmarsh5z@flavors.me,11/6/2019,9886111257
6789748737291395951,Renell Cahill,O+,Dazhou,rcahill60@ed.gov,2/15/2020,8535661167
9661405201879721109,Stacey Andreucci,O+,Kaduheuleut,sandreucci61@diigo.com,8/25/2020,8575320270
1343252374985984436,Bondy Osgodby,O-,Krasnogorskiy,bosgodby62@reddit.com,2/2/2020,3692068996
4136404194642075196,Stafani Reaveley,AB-,Pamupukan,sreaveley63@sciencedaily.com,2/25/2019,9567659402
2124098464932898948,Paulette Galley,A-,Bambuí,pgalley64@nps.gov,11/16/2020,7913050374
8833505693084976345,Tyrone Kivelhan,A+,Dunyāpur,tkivelhan65@mit.edu,9/17/2021,5473466558
1295066938573900618,Clare Golly,A+,Hlybokaye,cgolly66@delicious.com,1/16/2020,6377016857
8191518841830780044,Trula MacLennan,O-,Beigang,tmaclennan67@arizona.edu,8/28/2021,1805494517
913404884117404228,Fairfax Bollen,A-,Pura,fbollen68@weebly.com,5/6/2019,5639210862
3430811147259079496,Sydelle Lewson,O-,Malitbog,slewson69@t-online.de,6/13/2019,7863335033
4645862540506055203,Reinaldos Lambol,B+,Xiadahe,rlambol6a@pcworld.com,2/14/2021,7314551891
1330089470925081283,Portia Ibbott,O+,Buštěhrad,pibbott6b@vimeo.com,4/1/2021,5976828771
5952029064499232703,Benjie Bonner,A-,Kokopo,bbonner6c@zimbio.com,9/1/2021,6077629246
2572727754400855392,Winthrop Passman,B-,Nakamura,wpassman6d@digg.com,5/17/2021,9023088766
7828018463346577280,Marcille Macer,AB-,Heze,mmacer6e@chron.com,8/21/2020,5659069297
1941668238964802936,Shalna Gillbey,A+,Batuidu,sgillbey6f@ehow.com,7/8/2020,5779049591
2943181254270827668,Trumaine Barens,AB-,Xiachu,tbarens6g@moonfruit.com,11/13/2021,8712620252
1059741150179248069,Bendick Grix,A+,Danja,bgrix6h@tinyurl.com,4/17/2020,4856227627
5531692168312091190,Gayel Kmietsch,A+,Archis,gkmietsch6i@kickstarter.com,3/9/2019,2459306381
3117263073118291737,Verge Aldhouse,O+,Dvin,valdhouse6j@forbes.com,12/15/2021,8731994722
6873178754673215117,Westley Summerlie,AB+,Yiyang,wsummerlie6k@nature.com,1/18/2020,5571837711
4281654107966230097,Sisely Worsom,O+,Xijia,sworsom6l@jimdo.com,10/16/2019,1021381200
9410535774952061357,Mariska Demogeot,AB-,Pelabuhan Dagang,mdemogeot6m@intel.com,4/2/2020,1916514584
6079037889100282538,Jeth Elcock,A+,Methóni,jelcock6n@xing.com,4/22/2019,7253635667
6950685479376677554,Ferne Headings,O+,Zhenchuan,fheadings6o@mapquest.com,3/31/2021,6596774655
5559472169392756473,Judy Edmondson,B-,Qŭrghontepa,jedmondson6p@fda.gov,7/9/2019,9337231422
6836510380438505492,Kimmy Stocks,O+,Pilzno,kstocks6q@miibeian.gov.cn,9/10/2019,2781400683
4498531492480360492,Adrian Webb,AB+,Marne-la-Vallée,awebb6r@homestead.com,12/19/2021,3871669561
1020933797123172911,Gerry Smeuin,A+,Hake,gsmeuin6s@youtu.be,2/13/2019,3671480032
2269678278861448677,Oates Stirman,O-,Lajarik,ostirman6t@wsj.com,11/1/2020,5228468648
4263794342506204757,Gerald Humpherston,AB-,Caijiang,ghumpherston6u@creativecommons.org,7/28/2019,8792036214
1526485331142135334,Corilla Blackstock,A+,Campo Alegre,cblackstock6v@wikispaces.com,2/9/2020,1698179451
2401868861522955320,Radcliffe Vedekhov,AB-,Vsetín,rvedekhov6w@163.com,2/6/2021,5993387454
4291113375720797534,Drusie Maybury,AB+,Cachoeiras de Macacu,dmaybury6x@arizona.edu,1/3/2019,1211960150
5898976236810971649,Zilvia Di Frisco,AB-,Stockholm,zdi6y@ehow.com,5/1/2021,4432397010
3314752220911612782,Rosemarie Sawdy,O-,Safara,rsawdy6z@deliciousdays.com,5/15/2021,2961620202
3989142748629226784,Maxwell Rubertis,B+,Claveria,mrubertis70@scribd.com,4/3/2019,7586831752
1259831928166115470,Nolana Curwood,O-,Los Aquijes,ncurwood71@cargocollective.com,3/4/2021,9815794045
5284970241709657071,Meredith Skones,B-,Ljukovo,mskones72@wikia.com,6/20/2021,9086476526
1162757036438523458,Shauna Plevin,B+,Qingzhou,splevin73@sbwire.com,3/21/2019,9208300958
1385983965200400876,Templeton Kynder,O-,Västerås,tkynder74@wordpress.com,3/25/2021,6677727303
156842409918278790,Belvia Hargess,AB+,Krasnodon,bhargess75@globo.com,1/18/2021,3787218788
309122428207095143,Brett Ragbourn,AB+,Kupchino,bragbourn76@house.gov,1/15/2021,2042781763
73420754364035004,Rochelle Schoffler,AB+,Qaşr al Farāfirah,rschoffler77@odnoklassniki.ru,9/23/2019,8316922867
5945824312639659613,Ginnie Stuckow,O+,Skhodnya,gstuckow78@opensource.org,10/29/2020,5853927491
6531966047101841561,Pepe Brinklow,B+,Malinovskiy,pbrinklow79@oaic.gov.au,12/1/2020,2448345062
9392921232376757989,Boris Corkell,AB+,Ismailia,bcorkell7a@exblog.jp,4/5/2020,8348483215
6890689120691495585,Nichols Menloe,O+,Stoczek Łukowski,nmenloe7b@army.mil,12/6/2019,8378398164
8300918425244200860,Verge Laughlin,B+,Ansan-si,vlaughlin7c@geocities.jp,11/17/2021,9441742048
1261031887255484523,Constanta Muge,AB+,Ungus-Ungus,cmuge7d@java.com,2/24/2019,2404933718
975519477030976750,Ruggiero Stickles,A-,Palenggihan,rstickles7e@newyorker.com,10/29/2019,8522331972
7102515631401737408,Spencer Duthie,A-,Gavinhos de Baixo,sduthie7f@paginegialle.it,9/18/2020,9385367677
9187794908912495121,Gunar Oglesbee,B+,Baima,goglesbee7g@bbc.co.uk,11/9/2021,4336328109
642084567879578936,Freda Epp,O+,Nizhniye Vyazovyye,fepp7h@webmd.com,7/1/2019,2634748684
4343341367473928612,Yehudi Fasse,A+,Oropós,yfasse7i@about.com,5/30/2019,2399072836
6202919524473113291,Susanetta Patmore,O+,Masatepe,spatmore7j@1688.com,4/27/2019,1323779482
8667073076017160512,Kristan Ottey,O+,Santo Tomas,kottey7k@paypal.com,10/24/2019,3962523003
4711977840494193374,Viviene Khomishin,A+,Mozdok,vkhomishin7l@accuweather.com,12/4/2020,4875916573
2370280150805544724,Isacco Pitceathly,A-,La Cruz de Río Grande,ipitceathly7m@flavors.me,8/28/2019,1681549394
8580312836076729860,Joeann McQuaid,B-,Prantaan,jmcquaid7n@usda.gov,5/28/2021,7203530144
6955428196660197543,Lesley Bleything,O-,Arboga,lbleything7o@umich.edu,3/21/2019,8378161368
4632461345575220315,Melamie Windmill,A-,Kusheriki,mwindmill7p@thetimes.co.uk,8/25/2021,3373903649
622730553698877524,Thurstan Merrilees,AB+,Sudimanik,tmerrilees7q@alexa.com,10/6/2019,2601147907
3469963104671257889,Natal Plowell,AB+,Casa Nova,nplowell7r@arstechnica.com,1/5/2021,6878037377
4440230296939793659,Feodor Whebell,B-,Ouro Sogui,fwhebell7s@ifeng.com,2/21/2021,7224327108
8206698610715440632,Gaultiero Haresnaip,O+,Jikamshi,gharesnaip7t@hibu.com,3/14/2021,6291072684
7908202124823290345,Teena Daish,A-,Walenrang,tdaish7u@usa.gov,10/11/2019,6391908898
2124514009948689772,Bee Bramsen,B+,Tutayev,bbramsen7v@va.gov,10/29/2019,6163286397
7549382297792527879,Ilene Ruggiero,A+,Penha,iruggiero7w@mtv.com,7/30/2020,7652386772
1338456475810416622,Benny Duckham,B-,Lizhai,bduckham7x@kickstarter.com,5/22/2019,1629233622
6732071848820606922,Doralyn Bartomeu,O+,Banjar Tengahbelayu,dbartomeu7y@symantec.com,4/12/2020,4514818339
3179945827739228362,Row MacCorkell,O-,Santa Rita Aplaya,rmaccorkell7z@msu.edu,1/3/2021,4024449966
6971117219594742056,Corabella Reihm,A+,Groblersdal,creihm80@vimeo.com,8/3/2019,3226797613
3572868455679875390,Terencio Loddon,B+,Charlotte,tloddon81@squidoo.com,1/12/2021,7048322542
3056107707329193443,Ronalda Whitta,AB-,Guarujá,rwhitta82@ftc.gov,12/29/2021,6652522374
8955756565519893468,Kinsley Martlew,B+,Kafr Zībād,kmartlew83@google.ca,11/20/2019,8271931140
7274936692027269687,Gerry Martinot,O+,Haumeni,gmartinot84@t.co,12/28/2019,7376447238
467096213289625571,Derrick Sparke,B+,Toledo,dsparke85@theatlantic.com,8/16/2021,4195828308
6020746074022264905,Morgana Davidek,AB+,Xanxerê,mdavidek86@nsw.gov.au,8/4/2020,5576130604
4303747593765538822,Gwenette Ferrao,B+,Mangero,gferrao87@dell.com,10/17/2019,7051779566
4245347843460322679,Beatrisa Leyre,A-,Rainis,bleyre88@usa.gov,2/7/2020,5306290113
399858983357409625,Keely Skyner,A-,Le Tampon,kskyner89@spotify.com,9/14/2019,9661262328
1619220307158078770,Gabbie Lusted,O+,Lentisqueira,glusted8a@mozilla.org,3/24/2019,5848454606
5366707595951383181,Joye Backes,B-,Gävle,jbackes8b@discovery.com,7/8/2020,6348615539
7372020087955067216,Carlin Fiddyment,B+,Yumbo,cfiddyment8c@bravesites.com,11/16/2020,8832328109
7847901126268977191,Jaquelin Morillas,AB+,Austin,jmorillas8d@unblog.fr,2/16/2020,5125918482
6473621259896555718,Wallace Leeds,B-,Chvalšiny,wleeds8e@so-net.ne.jp,10/11/2020,5997053257
1802465321667470042,Taffy Bethel,AB-,Kumanovo,tbethel8f@admin.ch,6/21/2021,3086514594
1652633651800213289,Leonhard Laverack,AB+,Mkiriwadjumoi,llaverack8g@timesonline.co.uk,5/13/2021,7663550558
7803090778879768607,Dall Cove,AB-,Bollnäs,dcove8h@altervista.org,6/15/2021,1172170177
1911983903175567697,Laraine Thorndycraft,B+,Birnin Kebbi,lthorndycraft8i@dyndns.org,6/16/2021,8204689435
3631508561634179717,Enrico Naisby,AB-,Nîmes,enaisby8j@foxnews.com,1/25/2019,8451472665
3277632518511578516,Myrilla Wedderburn,AB-,Kupino,mwedderburn8k@latimes.com,12/12/2019,1831571048
6365714285623610780,Thatch Atkins,O-,Bayan Tuohai,tatkins8l@dmoz.org,1/8/2021,9845313059
7028906441917554273,Gabby Suston,B+,Pexiligais,gsuston8m@scribd.com,7/1/2021,3369555010
2033073342537752550,Tamara Arnould,O-,Cruzeiro do Sul,tarnould8n@multiply.com,1/9/2020,4479173452
5166794542391459492,Ardys Marriott,O+,Anggana,amarriott8o@dot.gov,9/15/2019,9274734931
8664762560351297359,Claybourne Lansbury,AB+,Martingança,clansbury8p@skype.com,3/29/2021,3724845783
7643900670266338167,Gorden Blundin,A-,Kamieniec Podolski,gblundin8q@cnbc.com,11/22/2019,5067722848
5415601626345044301,Marylin Narramore,A+,Libao,mnarramore8r@hhs.gov,1/16/2021,1315386758
5812362912408747245,Ruthi MacKeig,B+,Vavoua,rmackeig8s@yellowbook.com,12/16/2021,6835019343
7055171541035908037,Carny McAlarney,B+,Karelichy,cmcalarney8t@alexa.com,7/5/2020,4099049303
5960253479265101343,Ferguson Issacson,B-,Guanzhuang,fissacson8u@seattletimes.com,10/12/2021,8993777467
6707735993990072339,Ema Shorte,O+,Orly aérogare,eshorte8v@accuweather.com,9/29/2021,5419235611
6606348899015348988,Marissa Attenbrow,O+,Briceni,mattenbrow8w@jalbum.net,5/28/2019,2634954276
437137648446099469,Holt Rossbrooke,AB+,Serzedo,hrossbrooke8x@buzzfeed.com,1/29/2019,5775211817
4650691826057729723,Gigi Molfino,AB+,Jambesari,gmolfino8y@phoca.cz,9/28/2021,4934700607
8246941862414455020,Mirabelle MacKowle,AB-,Soras,mmackowle8z@flickr.com,8/18/2019,2591630004
6949633938039007747,Margaretta Brittlebank,AB+,Luwan,mbrittlebank90@yahoo.com,11/6/2021,8303454377
209536517745821996,Cherise Spracklin,O+,Qingduizi,cspracklin91@fotki.com,2/16/2021,1886894312
57636854393775549,Dorella Fanthom,O-,Fort McMurray,dfanthom92@jiathis.com,2/10/2020,7767811449
7283388326619078423,Towney Rubert,A+,Sabanalarga,trubert93@wix.com,1/25/2021,1344008895
1817622110389683934,Charin Beavington,O+,Baixo Guandu,cbeavington94@nhs.uk,1/6/2021,1801193177
5611907954744465068,Tonie Beddows,O-,Ribeira Grande,tbeddows95@dmoz.org,10/1/2019,9749663555
6131546744219479819,Sandra Strongitharm,AB-,Wartburg,sstrongitharm96@tmall.com,7/14/2019,4976399372
531863244494930185,Faina Cocci,A-,Murygino,fcocci97@smh.com.au,2/6/2021,5396719195
8418700827685875033,Kissee Bandt,O+,Pilcaniyeu,kbandt98@xrea.com,1/25/2020,1599018854
1402241228443825111,Kennan Battershall,O+,Molodohvardiys’k,kbattershall99@clickbank.net,2/3/2019,9109904712
2050623016623537793,Lorraine Davenhill,O-,Gaillac,ldavenhill9a@google.es,12/10/2021,4669680002
239579447357294664,Becka Kilborn,O+,Yihe,bkilborn9b@exblog.jp,2/25/2020,9883739791
4063964498006241125,Melinde Pedlow,AB+,La Libertad,mpedlow9c@virginia.edu,11/6/2019,1273061823
7347684116705000393,Moshe Silverton,A-,Varberg,msilverton9d@guardian.co.uk,2/13/2019,2523162273
1071285089868508293,Jacky Taffs,B-,Guanbuqiao,jtaffs9e@apple.com,11/26/2021,9958337589
9193412302555534944,Mickie Edison,AB-,Surkh Bilandī,medison9f@icio.us,7/2/2019,7441884148
2769136314067867998,Creighton de Merida,B-,Nikkō,cde9g@noaa.gov,1/22/2019,8913091557
2832793127011197863,Dale McKinn,O-,Annino,dmckinn9h@domainmarket.com,8/24/2021,4024453879
4007850559256992431,Arnold Ikins,B+,Ankazondandy,aikins9i@soup.io,2/27/2019,4288138552
6067117035642606118,Janetta Schaffler,B-,Wādī Raḩḩāl,jschaffler9j@jugem.jp,1/10/2020,6132321768
6638929267683993103,Xenos Ogers,O-,Bi’r Ḩāt,xogers9k@privacy.gov.au,2/20/2021,4486687582
9794405342844150227,Gothart Rubanenko,O+,Changning,grubanenko9l@vimeo.com,12/1/2021,4981618825
2445595415841038841,Nikolos Jeannot,A-,Kalāleh,njeannot9m@squarespace.com,11/7/2019,8819298891
6445338322816007593,Lissi Metzel,A-,Bihać,lmetzel9n@ucoz.ru,7/19/2019,3146299412
25511653792834525,Quillan Ivanchenkov,O+,Orléans,qivanchenkov9o@blogspot.com,7/20/2021,3271207387
8981401039689677006,Tabby Brice,O+,Văn Điển,tbrice9p@mapquest.com,11/12/2019,7855960545
8859175301130210317,Harlan Le Merchant,A-,Yelenendorf,hle9q@jalbum.net,6/28/2021,5791149888
1201018615759513843,Garrek Cauderlie,A+,Okinawa,gcauderlie9r@mysql.com,7/17/2021,7738841375
6624100119931169886,Marchall Sigars,O+,Akune,msigars9s@seattletimes.com,8/12/2021,2469954465
8375212131504191577,Aguistin Zorzenoni,O+,Casilda,azorzenoni9t@cargocollective.com,6/18/2021,1177553960
8766688734690666585,Daisey MacBey,AB+,Cradock,dmacbey9u@bigcartel.com,3/31/2019,5962186338
2125458720775811359,Curt Clemmen,O-,Kudowa-Zdrój,cclemmen9v@constantcontact.com,3/3/2019,9253624527
5838223834013177192,Jenny McLugaish,B+,Cô Tô,jmclugaish9w@wp.com,5/27/2021,7372034844
9579455001601347905,Christen Basey,A+,Paris 04,cbasey9x@japanpost.jp,6/15/2020,7832819799
5009474849524718500,Thain Jeacock,A-,Xubu,tjeacock9y@sciencedirect.com,3/25/2021,7585040208
4828252960605246133,Lilli Cardwell,B+,Jintan,lcardwell9z@yelp.com,11/9/2020,3163032492
1446081742923167506,Preston Fleming,O+,Shigongqiao,pfleminga0@who.int,4/26/2021,2783974349
9707715904066518852,Hester Chicotti,B-,Xiaoyang,hchicottia1@yahoo.co.jp,7/16/2020,5974854865
862042182294983805,Glory Barefoot,AB-,Pedreira,gbarefoota2@prweb.com,12/6/2021,9058599897
17878857657766250,Rosa Sooper,A-,Jalasenga,rsoopera3@sbwire.com,7/28/2020,9673821680
7095395373523301538,Yevette Mapledorum,B-,Kekeri,ymapledoruma4@people.com.cn,2/23/2021,9362159008
9500107980798811467,Rhea McDougle,AB-,Sidamukti,rmcdouglea5@spotify.com,9/26/2021,1693433091
4576770975712076368,Farley Morteo,O-,Yongtai,fmorteoa6@businessweek.com,7/11/2020,8863340475
8141128735740701228,Milly Bartlosz,A+,Songgui,mbartlosza7@wikispaces.com,7/23/2020,5416776935
2930560582814438727,Kelvin Rabjohns,A+,Beizhakou,krabjohnsa8@ucsd.edu,2/21/2021,8781044757
2574811486679487135,Marcel Rate,B-,Nova Iguaçu,mratea9@seattletimes.com,4/17/2021,9549122086
1621167382867006585,Ulrike Kieran,B+,Jieshou,ukieranaa@blinklist.com,9/12/2019,5063924929
2636487918057227028,Grantley Parrin,A+,Ani-e,gparrinab@buzzfeed.com,9/2/2019,9006958874
8432116534804251987,Petronella Ransley,A+,Jiezi,pransleyac@flavors.me,5/19/2021,7492060187
7297816527633253740,Corenda Cannell,A+,Pursat,ccannellad@amazon.de,2/23/2021,3601065738
6424817640562035626,Preston Boerder,O-,Anse à Galets,pboerderae@shop-pro.jp,11/19/2020,5852714731
929843483050460291,Bernhard Abdie,AB-,Sotouboua,babdieaf@shop-pro.jp,10/13/2019,8366200617
8282673746039138383,Durward Roly,B-,Privodino,drolyag@yellowpages.com,11/26/2020,2191586714
2710413506666092942,William Quarrell,AB+,Medang,wquarrellah@wikipedia.org,2/20/2019,7778289225
7397369640908435988,Nellie Skeene,O+,Muzhou,nskeeneai@odnoklassniki.ru,11/5/2020,5391935798
7603909517717144092,Marve Sedgebeer,B+,Oklahoma City,msedgebeeraj@biglobe.ne.jp,1/30/2020,4059565296
4386116371224580400,Gerek Steinhammer,AB-,Yakutsk,gsteinhammerak@hibu.com,10/13/2020,4249481220
1704525168720548844,Maudie Hurdis,AB+,Barcarena,mhurdisal@techcrunch.com,11/24/2020,3747030210
1517878629821448491,Sim Lorrimer,O+,Sagud-Bahley,slorrimeram@ihg.com,4/6/2019,7669459960
2259699736745080722,Clarice Ringe,AB-,Fredericton,cringean@bloomberg.com,5/21/2020,4347345266
6475746320602331154,Tris Couch,B+,Duba-Yurt,tcouchao@smugmug.com,3/1/2019,3648249027
4719337378862564990,Sholom Fawkes,A+,Kongtian,sfawkesap@purevolume.com,7/27/2019,5359817119
4494996557043469377,Jamaal Dowding,A+,Buritizeiro,jdowdingaq@amazonaws.com,12/8/2021,7377117359
6155363235465612864,Siward Maxwale,B-,Shanhaiguan,smaxwalear@networksolutions.com,3/4/2021,2973086106
513836384282046015,Wileen Burnhard,A-,Wilkołaz,wburnhardas@cpanel.net,1/22/2021,1983507096
798590228560584268,Raine McCarney,A+,Semenivka,rmccarneyat@slate.com,11/19/2020,3211705996
9949266273457192024,Nicko Blinman,O+,Shankill,nblinmanau@cnn.com,1/25/2021,7699192593
1613039477199191396,Laina Monkeman,A-,Kot Sultan,lmonkemanav@xrea.com,12/4/2021,7808749505
3484570067174492163,Rebeka Blondel,B-,Paris 11,rblondelaw@istockphoto.com,9/2/2020,4871186173
1105950390191167262,Rea Dunsire,B-,Ladhewāla Warāich,rdunsireax@nature.com,12/11/2019,1283521220
3710645920122244566,Caldwell Sisnett,B-,Berlin,csisnettay@dion.ne.jp,12/7/2019,7222787720
3593512025824646254,Benoite Bilyard,O+,Paris 07,bbilyardaz@berkeley.edu,3/9/2019,2762801067
5596162480202733394,Clovis Andrioli,O-,Bengtsfors,candriolib0@4shared.com,2/19/2021,2602202634
6692428804054804807,Barry Shotter,AB-,Mâcon,bshotterb1@ibm.com,9/23/2020,2647298341
5353956039886624816,Sigfried Latour,O-,Norrköping,slatourb2@wikipedia.org,10/3/2021,5492628202
2985117281323041430,Doreen Morrad,B-,Umm Şalāl ‘Alī,dmorradb3@cafepress.com,5/29/2019,8839413278
8342097672800559585,Victor Tayler,O-,Hongmen,vtaylerb4@buzzfeed.com,11/10/2021,2737681050
7176494778232240945,Bryana Lindsey,B+,Korhogo,blindseyb5@prweb.com,4/24/2021,7491892171
7653192057502029248,Carol Sollner,B+,Sumberkertokrajan,csollnerb6@so-net.ne.jp,10/23/2021,5142889832
1575802030049960478,Raddie Blacksland,AB-,Gusong,rblackslandb7@ibm.com,10/20/2021,2814636119
2263697569299821557,Ailsun Petrina,AB-,Liuhu,apetrinab8@netlog.com,3/2/2020,1974470911
6052539944384643965,Allix Strickett,AB-,Mayumba,astrickettb9@prlog.org,1/18/2021,5571361488
2671677668558640582,Uta Valentin,O-,Aganan,uvalentinba@free.fr,8/30/2021,7349962845
5008959987950167395,Raychel Wolfenden,A+,Al Ghuwayrīyah,rwolfendenbb@mashable.com,6/9/2020,5989786037
4522283167681769971,Lee Gemeau,O-,Ubonratana,lgemeaubc@posterous.com,9/5/2020,6982513998
7213054555440754408,Kendall Felipe,O-,Auxerre,kfelipebd@friendfeed.com,1/27/2020,8024445215
3993315896378620556,Karalynn Comelli,A-,Criação Velha,kcomellibe@weather.com,9/27/2020,5883596397
2185012870046690860,Lion Sleightholme,O-,Kornyn,lsleightholmebf@ca.gov,8/29/2019,2617684647
9690029186504545702,Nessy Prestland,B-,Bashtanka,nprestlandbg@fda.gov,8/8/2021,1404613632
8396640858951618327,Graig Frary,AB+,Tlogowetan,gfrarybh@harvard.edu,4/21/2020,5088594892
153081603091645431,Melli Sterland,AB+,Cícero Dantas,msterlandbi@sciencedaily.com,11/23/2020,1474154755
9079006732430742740,Marcello Conachy,A+,Ilioúpoli,mconachybj@trellian.com,5/11/2019,3468584783
4493043094871052046,Portie Rotte,A+,Živinice,prottebk@scribd.com,12/12/2019,2086050395
626457694272674179,Vevay Denniss,AB-,Yujiao,vdennissbl@symantec.com,10/13/2021,6895157791
2179721691555408621,Bailey Robottham,A+,Ágios Vasíleios,brobotthambm@columbia.edu,10/19/2020,6279110195
6185768546097812085,Emmye Grundey,AB-,Arzila,egrundeybn@dagondesign.com,4/19/2021,2197395279
2514781493603742183,Sophie Youhill,O+,Ciepielów,syouhillbo@altervista.org,9/13/2019,8286907628
6168090946383885493,Mil Bleesing,AB-,Kauniainen,mbleesingbp@miibeian.gov.cn,3/24/2019,6891265952
9594448208277778906,Cam Schruyer,A-,Novalja,cschruyerbq@topsy.com,7/9/2021,6469596889
1520069885899562771,Nani Varnals,A-,La Cruz,nvarnalsbr@pbs.org,11/15/2020,9407868010
7268562010797674712,Paton Marples,AB+,Campos Gerais,pmarplesbs@cpanel.net,7/22/2021,6368668951
3903368992921762045,Trumann Oxteby,A-,Ndélé,toxtebybt@nasa.gov,10/19/2019,1252378882
9144229732515702049,Matias Keri,O+,Zhongzhou,mkeribu@msn.com,9/8/2019,1313592861
5475134142731941844,Shannen Hardern,O+,Ḩabīl ar Raydah,shardernbv@cbslocal.com,7/28/2020,5547636105
332634708880440719,Ardene Greatrex,AB-,New York City,agreatrexbw@wordpress.org,7/6/2020,2121813707
8090394044361225559,Jasmine Kynaston,B-,Kerva,jkynastonbx@techcrunch.com,2/21/2021,6388042820
2854570178061653474,Carmine Domoni,AB+,Turku,cdomoniby@accuweather.com,10/21/2019,9755434037
5340385579211947619,Goldia Tym,O-,Cầu Gồ,gtymbz@google.com.au,1/3/2021,8364705522
7208985352777043107,Garrot Kitchenham,A-,Gostovići,gkitchenhamc0@un.org,3/3/2021,1208169008
8152225710152545108,Harlan Gazey,O-,Slobozia,hgazeyc1@meetup.com,10/5/2019,9026341837
3490939727025720526,Hilary Blofeld,O-,Cerca la Source,hblofeldc2@odnoklassniki.ru,2/7/2021,7254546457
249863013324571751,Heloise Furmage,B-,Banjarsari,hfurmagec3@yahoo.com,1/25/2019,3267461516
8304971407910477731,Brew Aubert,O-,Palma De Mallorca,baubertc4@uiuc.edu,11/9/2020,8237948554
2177366494937922933,Shannan Portigall,AB-,Yunfeng,sportigallc5@altervista.org,2/7/2019,2996904747
7753701871314805954,Sunny Maseyk,A-,Oss,smaseykc6@intel.com,2/4/2021,6945494954
6839325513187833091,Gennie Davenhill,B+,Yuanzhou,gdavenhillc7@cbc.ca,7/9/2021,3907710678
1222811258163848926,Cassondra Loines,B-,Yiliu,cloinesc8@blogtalkradio.com,5/3/2021,9252714039
673925012222819440,Mehetabel Pau,O+,Bambuí,mpauc9@godaddy.com,1/15/2020,9993100841
3568221618376487394,Percy Allbon,AB+,Suyang,pallbonca@cbc.ca,5/12/2021,2599858264
3084817847282869431,Ivy Rickarsey,O+,Sesheke,irickarseycb@prnewswire.com,2/10/2021,4467148568
9507605665850718772,Davine Presser,O+,Bijaepasu,dpressercc@163.com,11/9/2019,6067070680
8994260443741151762,Grange Hick,A+,Velingrad,ghickcd@china.com.cn,12/22/2020,7177186452
6907448420811434128,Maurene Suckling,O-,Montego Bay,msucklingce@amazonaws.com,5/8/2019,7676119729
1969318722469579960,Barth Keld,AB-,Dolati,bkeldcf@dyndns.org,9/8/2021,8385929102
4822933465869724167,Walt Crofthwaite,B-,Kawasaki,wcrofthwaitecg@csmonitor.com,12/22/2020,6356154015
7262949238847896634,Orton Dyment,A-,Dmitrov,odymentch@smugmug.com,11/2/2021,9287941416
8393667108610286813,Chic Linton,B+,Norsborg,clintonci@nps.gov,11/15/2019,3285934571
491139045322467360,Julita Beggs,A-,Agen,jbeggscj@npr.org,7/8/2019,1139025492
3160034684569085556,Loria Fulle,B-,Lanshan,lfulleck@bloglovin.com,12/16/2019,4412860694
6893072516832647470,Dana Kelland,O+,Mosal’sk,dkellandcl@exblog.jp,6/6/2019,7442793177
4943079865732628002,Ashley Trundle,O+,Loznitsa,atrundlecm@vistaprint.com,6/25/2019,3914154165
4267217363078554196,Alexandros Brushfield,O-,Tân Châu,abrushfieldcn@paginegialle.it,8/8/2021,7137268062
4241011640154018995,Tim Bartzen,AB-,Bijie,tbartzenco@yale.edu,12/5/2020,2451249334
1723638643301549214,Joela Nucator,B+,Qal‘eh-ye Khvājeh,jnucatorcp@howstuffworks.com,6/13/2019,6316961461
732320838136200683,Onfroi Ferries,A-,Osvaldo Cruz,oferriescq@ning.com,4/12/2021,3936088804
8630353502111335892,Dare Martinetto,A+,Conqueiros,dmartinettocr@elpais.com,9/21/2019,3873179146
2913320380810498186,Erl Lazarus,O+,Chenjiaba,elazaruscs@fotki.com,2/23/2021,4353881964
9731910050148145613,Gipsy Hattigan,AB+,Darkton,ghattiganct@gnu.org,12/8/2020,4529668761
4648553607288724971,Tedra Royl,A+,Sleman,troylcu@shop-pro.jp,5/20/2019,6907300909
5368918085897898970,Corabel Renn,B+,Jiangluo,crenncv@people.com.cn,9/3/2020,8081493717
2746583938349633024,Devonna Othick,A+,Prapen,dothickcw@washingtonpost.com,7/16/2020,8738581834
4700357917216364714,Eilis Klousner,A+,Angers,eklousnercx@chron.com,10/17/2019,7808084903
2305838850723063302,Vito Vanacci,A-,Donskoy,vvanaccicy@eepurl.com,2/27/2019,7936447278
6001446251300079939,Berkie Malicki,A-,Kamieniec Wrocławski,bmalickicz@msn.com,7/31/2019,8452360160
6104942838810379266,Linn Clemett,A+,Gapluk,lclemettd0@omniture.com,9/6/2020,3328789768
7314538834695987133,Garik O'Dreain,AB+,Acton Vale,godreaind1@oracle.com,6/8/2019,1893235602
2814109263936122897,Farly Rennicks,AB-,Touba,frennicksd2@businessinsider.com,7/11/2021,3592142711
704420458427829873,Daune Normanell,AB+,Santa María de Ipire,dnormanelld3@statcounter.com,3/23/2020,6023379806
1349697657794272519,Stanley Hebblewhite,A-,Nová Role,shebblewhited4@last.fm,4/15/2020,8885004013
2892357498760606274,Barty Varnham,AB-,Bektemir,bvarnhamd5@imgur.com,5/3/2020,1096159627
5318546191151676010,Paton Bouch,A+,Alilem,pbouchd6@weebly.com,4/17/2020,3042778203
2157305963707043649,Doralynn Pinnington,A-,Wuyun,dpinningtond7@spotify.com,8/13/2020,3795475727
6966022270110978182,Leodora Thorington,A+,Balbagay,lthoringtond8@addthis.com,7/10/2020,4069327523
391252050376664967,Elizabet Camillo,B+,Daojiang,ecamillod9@mapy.cz,12/4/2021,3837047943
9356712733164924260,Henderson McFadden,A+,Horana South,hmcfaddenda@addthis.com,1/6/2021,5698717413
2241860080278820029,Mareah McGeever,AB+,Dalsjöfors,mmcgeeverdb@statcounter.com,11/19/2019,4054096681
9499841531110088269,Kathryne Giddons,O+,El Nido,kgiddonsdc@usa.gov,6/15/2021,1645353629
1666168683524423140,Paulette Breffit,A-,Changgai,pbreffitdd@huffingtonpost.com,7/6/2021,9628628465
8078009223127851870,Janela Huncoot,O+,Mojokerto,jhuncootde@hud.gov,3/14/2021,3953546601
6812834879753609989,Caroline Abad,O+,Conqueiros,cabaddf@t.co,8/12/2019,9905447687
6005370880487873256,Wald Gorioli,B-,Malinta,wgoriolidg@arizona.edu,4/20/2019,6342188913
4940822491815736653,Jeramey Boughtflower,A-,Shaxi,jboughtflowerdh@google.it,5/14/2019,8103033951
2253876794316404957,Sara Local,B-,Zhaigang,slocaldi@symantec.com,3/29/2019,1289440312
9214581403389363543,Oates Lamers,A-,Komga,olamersdj@washingtonpost.com,3/7/2019,7664599411
355734316026369130,Sal Blitz,O-,Juradó,sblitzdk@furl.net,1/21/2021,5589692129
3736176864546412737,Daisy Poinsett,O-,Longzhouwan,dpoinsettdl@google.ca,10/23/2021,7477022625
5653838773654122305,Hildy Brodnecke,B+,Banjar Sedang,hbrodneckedm@patch.com,7/27/2021,5498215572
949080860866518411,Annecorinne Ebbins,O-,Bishkek,aebbinsdn@live.com,4/16/2020,9607337222
3735568305330600169,Ambros Rishman,O+,Yacheng,arishmando@marriott.com,1/23/2019,5824918270
4657693546444995602,Gerrilee Corrado,B+,Amado Nervo,gcorradodp@bandcamp.com,11/14/2019,5766835359
2293652264340667738,Junia Stockman,B-,Suhopolje,jstockmandq@moonfruit.com,6/16/2019,2256508891
1186288097123645920,De witt Hatley,O-,Zyukayka,dwittdr@scribd.com,9/8/2021,3329066521
6078994468723077712,Mathilde Godleman,O+,Saint Louis,mgodlemands@ucla.edu,2/16/2020,3144119744
5791865881864600769,Margette Di Meo,O-,Hanting,mdidt@xrea.com,12/21/2019,6966653371
5370658011084495470,Murial Piken,O-,Almaty,mpikendu@nymag.com,12/20/2020,5004245471
4139676174127685822,Kinny Puffett,O-,Oslo,kpuffettdv@indiegogo.com,1/1/2019,2592153659
7866052441235939029,Gregor Covotto,B+,Toulouse,gcovottodw@feedburner.com,9/3/2019,9986387836
3631896593030173343,Shayne Bulpitt,B+,Psevdás,sbulpittdx@canalblog.com,7/14/2020,2558368923
8423821821495498963,Tracee Keep,A-,Lusigang,tkeepdy@wikipedia.org,11/29/2020,2838051039
3351957620267693603,Bertrando McNickle,A+,Gambut,bmcnickledz@privacy.gov.au,6/17/2020,2733364759
5150905356697654510,Annabell O'Lennachain,B-,Ágios Efstrátios,aolennachaine0@is.gd,4/19/2020,7937877582
7604809484117083731,Sibyl Wyant,O+,Jaqué,swyante1@nytimes.com,1/2/2021,4507803301
8631043382344602693,Carmine Woolfall,O+,Quma,cwoolfalle2@hibu.com,9/13/2019,2943802459
5182141565724047187,Cindra Wiltsher,B+,Machado,cwiltshere3@huffingtonpost.com,4/20/2019,5844616709
3509047643950371662,Pooh Wasmuth,B-,Hualfín,pwasmuthe4@time.com,12/2/2020,7092917004
6142582351533757182,Tabby MacGlory,A+,Beolgyo,tmacglorye5@google.ru,6/7/2020,2375744401
1127791501890805116,Jenda Tulloch,AB-,Zheshart,jtulloche6@printfriendly.com,4/12/2019,2703349714
5752239510248771726,Lanny Norman,AB+,Lanat,lnormane7@woothemes.com,9/23/2021,7528551799
5377759047744598752,Marta Kinsett,O-,Xiangfu,mkinsette8@a8.net,3/3/2020,9244262022
103719134117432431,Joice Lansbury,AB-,Stockholm,jlansburye9@eepurl.com,12/21/2019,3284144859
7551642180722021652,Flory Purselowe,O-,Kochevo,fpurseloweea@latimes.com,3/25/2021,7782107601
3173431769894866358,Winne Offener,B-,Charyshskoye,woffenereb@hc360.com,2/22/2021,2902840542
6258314573347820387,Liva Aitchinson,AB+,Wanling,laitchinsonec@sciencedaily.com,11/30/2020,4286608576
9253373325371602400,Thorn Leatherland,AB+,Yuecheng,tleatherlanded@cocolog-nifty.com,12/15/2020,7748133191
8100034230649874194,Ulrika Trorey,AB-,Kangar,utroreyee@delicious.com,1/23/2021,8902623580
5177295694167509112,Jarret Ogelbe,A+,Quận Sáu,jogelbeef@answers.com,2/26/2020,3398528477
781418598113186343,Creigh Mourant,A+,Sundbyberg,cmouranteg@usda.gov,8/21/2019,8961146457
843176658221482341,Eolande Dolden,AB+,Wum,edoldeneh@a8.net,8/8/2019,8742527356
8280380359526316634,Joelle Marlon,A+,Njeru,jmarlonei@jimdo.com,9/18/2019,3742655856
9105739065936024632,Blondell Sinncock,A+,Xianxi,bsinncockej@alexa.com,7/16/2021,8425244212
5771432221745668573,Anastasia Vanyashkin,O-,Sangju,avanyashkinek@hud.gov,1/7/2019,1049729856
8001242398915497897,Ken Ankers,O+,Ungca,kankersel@earthlink.net,4/11/2021,2594882943
8815242171565883817,Billye Rahlof,O-,Strelka,brahlofem@slideshare.net,1/23/2019,5931426724
2364493059451042250,Kaleb McMonnies,B-,Mērsrags,kmcmonniesen@g.co,8/12/2020,9096505073
3518501350778893600,Elena Bloore,A-,Bilopillya,eblooreeo@prnewswire.com,9/22/2019,8901069615
5816668408853494987,Oriana Brou,O-,Shiroishi,obrouep@admin.ch,3/10/2020,5785108164
3647896693760322486,Jennette Gilyatt,B+,Paris 08,jgilyatteq@storify.com,2/4/2021,8414602461
4469473392433792266,Delmer Lamprecht,O+,Lubenec,dlamprechter@wired.com,3/5/2021,2051174655
3671989146695902994,Adan Horribine,B-,Utabi,ahorribinees@last.fm,1/22/2019,1981990197
1890638189343775778,Aurilia Blackly,A-,Padre Burgos,ablacklyet@boston.com,5/9/2021,4682050264
6378861264733667152,Devin Patshull,A+,Oakland,dpatshulleu@naver.com,7/23/2021,5105062165
3968255177139935659,Drew Kupisz,A+,Kentville,dkupiszev@godaddy.com,11/3/2019,5763247657
5985848248868173721,Hendrick Agutter,O+,Zhangshi,hagutterew@mediafire.com,8/31/2021,5349466634
4564908313852545217,Jens Ruddiman,O-,At Tall al Kabīr,jruddimanex@globo.com,9/16/2020,8612337074
1100505987156671583,Morissa Skedgell,A-,Lianhua,mskedgelley@time.com,11/1/2019,7538678557
415485273035447705,Verge McCarrison,AB-,Pedro Juan Caballero,vmccarrisonez@ed.gov,9/23/2020,4335269129
7310724961532100747,Mathe Standish-Brooks,A-,Rogóźno,mstandishbrooksf0@princeton.edu,12/10/2019,7539568911
1774066418662961579,Hartley Pennell,O+,Inozemtsevo,hpennellf1@imageshack.us,7/18/2020,1043297924
7347522044391166309,Jere Castleton,O+,Areguá,jcastletonf2@prweb.com,8/20/2020,2562914494
7340740017536531642,Billie Sherrocks,B+,Baracatan,bsherrocksf3@hud.gov,5/1/2020,8098258597
5213075426570392606,Guglielmo Ateridge,O-,Malabor,gateridgef4@cdc.gov,3/11/2020,1868853925
2392458811351492478,Worth Davidovsky,A-,Van Nuys,wdavidovskyf5@comcast.net,12/20/2019,2135109577
4008710765694712034,Jocelyne Riccione,A-,Padas,jriccionef6@bloglovin.com,7/21/2019,1422251310
9692896603533125258,Mohammed Dack,A-,Campoverde,mdackf7@mapy.cz,3/26/2020,1636964643
5832053101273270537,Bernardo Proudley,A-,Culacling,bproudleyf8@list-manage.com,1/8/2021,2668913224
5007824751115120480,Marianna Brothwell,A+,Biharamulo,mbrothwellf9@about.me,4/15/2020,9606857117
5478835869584493334,Kelsy Jurgensen,A-,Cisalak,kjurgensenfa@cpanel.net,1/1/2021,2099016826
5205898782253573729,Parnell Saice,O-,Soritor,psaicefb@hatena.ne.jp,8/23/2020,1747376059
1551524559348543010,Phillie Etherington,B-,Paôy Pêt,petheringtonfc@google.co.uk,6/29/2021,6847146732
5077781682388530423,Raff Chyuerton,O-,Yuankeng,rchyuertonfd@hubpages.com,12/30/2021,6072607707
5659307789792291195,Birgitta True,B+,Rochester,btruefe@w3.org,1/7/2021,5854291380
2847155115587591038,Shelley Dallon,B-,Murzuq,sdallonff@live.com,1/15/2019,1571004549
9692111899216636219,Allx O'Cullinane,O+,Eloúnda,aocullinanefg@bandcamp.com,4/29/2020,1306815962
3107713202103283527,Sonia Polland,A+,Laiya,spollandfh@nasa.gov,2/29/2020,6652984236
9891827061701646188,Earlie Lulham,O+,Zhendong,elulhamfi@macromedia.com,6/26/2019,4258684330
4296614664425844367,Laureen Priditt,O-,Rashaant,lpridittfj@cyberchimps.com,10/31/2020,7046242225
1269009819919708144,Mar Smallridge,AB+,Budapest,msmallridgefk@bbb.org,9/12/2021,3082567916
2507022675808315585,Jules Grover,AB-,Bojongsari,jgroverfl@ehow.com,10/15/2019,7871036138
9420445956101357833,Gui Gopsall,O+,Kiyawa,ggopsallfm@xrea.com,7/23/2021,5798037821
4176017591885947619,Nikita Allin,B-,Caujul,nallinfn@prnewswire.com,6/10/2019,3999254333
6987150573544680971,Ollie Nares,O-,Unanu,onaresfo@mit.edu,10/15/2020,5048219925
9780300724730588852,Ottilie Fredy,A-,Jengglungharjo,ofredyfp@guardian.co.uk,11/4/2021,6528473156
8112498149533477276,Consuelo Dashper,AB+,Nalsian Norte,cdashperfq@google.co.jp,6/21/2019,6297853837
920860550351186135,Horatius Frampton,B+,Santa Rosa,hframptonfr@accuweather.com,11/2/2019,5523297206
2261331327245664575,Bev Feeny,AB+,Xialiao,bfeenyfs@census.gov,6/10/2020,9723996336
3225753159556895348,Roseanna Bellini,O+,Formosa do Rio Preto,rbellinift@msu.edu,1/15/2021,3943070407
5889512512680586137,Alvie Eade,AB+,Gaimán,aeadefu@google.com,6/19/2020,6107730557
7199966274117672730,Shurwood Birks,B-,Cacheu,sbirksfv@pagesperso-orange.fr,5/30/2021,9961731861
4549769390191741844,Theressa Jozsika,AB+,Christchurch,tjozsikafw@netlog.com,1/6/2019,4283767398
6020774605628210466,Gonzalo Mould,A-,Umeå,gmouldfx@narod.ru,11/12/2021,2213518542
1948143513987352563,Nikolaos Southouse,A+,Amphoe Sikhiu,nsouthousefy@booking.com,4/21/2021,9951773310
3984943722302111899,Rhona Denecamp,A+,Agualva de Cima,rdenecampfz@samsung.com,1/25/2019,4464838713
8497919410491846708,Loreen Sammonds,B+,Har-Us,lsammondsg0@jalbum.net,4/27/2019,8898530563
8658831759493862058,Michail Pechell,B-,Oldřišov,mpechellg1@imdb.com,2/23/2020,4458678516
1655140723088833895,Orson Verrill,B+,Uvira,overrillg2@nasa.gov,3/8/2021,2884151671
2246526810818423773,Daffy Hoggan,A-,Independencia,dhoggang3@ucla.edu,2/15/2021,8556549251
9888990509703299452,Verine Baxendale,O-,Talayan,vbaxendaleg4@liveinternet.ru,11/21/2019,1981791598
5550048252887390895,Laurent Jager,O+,Aricagua,ljagerg5@constantcontact.com,5/15/2019,2904965040
1081153407872787612,Alfie Oakland,B+,Cut-cut Primero,aoaklandg6@free.fr,3/14/2021,9187772951
7029668538859046017,Laina Pitfield,B+,Ea T’ling,lpitfieldg7@si.edu,11/7/2020,6258241166
9233757450062456831,Florri Littledike,B-,Jawornik,flittledikeg8@mail.ru,10/12/2019,5095932552
2102395984750716468,Nert Masseo,B-,Kantyshevo,nmasseog9@w3.org,3/4/2020,6221742502
6107877101225939903,Merilyn Sarney,B-,Marttila,msarneyga@tripod.com,8/19/2019,7531614915
4570406340109702950,Hermina Kasper,AB+,Sipeng,hkaspergb@cocolog-nifty.com,3/29/2020,8958208394
1937597121875569542,Merv Leinster,B+,Pulau Pinang,mleinstergc@noaa.gov,9/30/2021,6695020736
7579003467742318346,Helge Christene,O-,Himaya,hchristenegd@a8.net,6/27/2019,7941932064
2135067608912446828,Dorree Sayer,O+,Khokhryaki,dsayerge@ca.gov,7/21/2021,5922568958
8947568586324207729,Allayne Gorriessen,O+,Baixi,agorriessengf@hubpages.com,2/2/2019,1748342860
7697237077104082762,Ingaberg Pittock,O-,Jendouba,ipittockgg@answers.com,7/30/2021,8134302478
5636862860588215485,Paolo Truman,A-,Camplong,ptrumangh@mac.com,5/30/2021,1088448925
4474622856717637229,Eulalie Skingley,AB+,Štítina,eskingleygi@meetup.com,12/24/2021,5845966962
4407975947183225905,Milt Booi,B+,Port Erin,mbooigj@hibu.com,12/10/2021,1591963232
657467180047160144,Carly Kohler,B+,Caikouji,ckohlergk@time.com,5/25/2020,1773837717
7983534962598328,Jephthah Harrop,O-,Passal,jharropgl@vkontakte.ru,10/20/2019,1375612471
8508248546618461260,Maribeth Dymick,A+,Nisí,mdymickgm@dell.com,4/28/2020,4927707848
4056572994167783626,Dreddy Synnot,AB-,Niemodlin,dsynnotgn@adobe.com,1/24/2019,9322920792
7346695521084358,Bil Keyser,A-,Shimo-furano,bkeysergo@themeforest.net,1/23/2019,6626192630
5992808281340291170,Arnaldo Le - Count,B+,San Juan,alegp@pinterest.com,5/9/2021,3511211077
5172067673514261110,Harp Farrer,B+,Razvanje,hfarrergq@bluehost.com,12/3/2021,8265673297
9078873581636707726,Ronald Kilpatrick,O+,Jianghai,rkilpatrickgr@hao123.com,8/10/2020,8162124586
1682914191576903135,Ariadne Geall,O+,Przyborów,ageallgs@skyrock.com,12/27/2019,5392459250
1751250287210669259,Angil Matkin,A-,Dopang,amatkingt@imdb.com,3/24/2021,1534562145
373467750710751700,Sarette Souch,A-,Guaimaca,ssouchgu@plala.or.jp,3/20/2020,3434874401
3617703650528203561,Franzen Campsall,O+,Cill Airne,fcampsallgv@comcast.net,3/11/2019,2311532970
8540457286247199739,Nanice Maraga,B-,Kotlas,nmaragagw@hhs.gov,11/11/2020,6238256789
7084897233682087072,Allyn McMakin,AB+,Guoxiang,amcmakingx@admin.ch,2/5/2020,5693769595
3301045449660334676,Finn Tallyn,B+,Kladovo,ftallyngy@msu.edu,9/6/2019,9614342034
237821977965199110,Mommy Parriss,AB+,Parada de Pinhão,mparrissgz@tinyurl.com,1/4/2019,7152742303
4089324131733665903,Melinde Falkinder,AB-,Chicago,mfalkinderh0@google.it,6/22/2021,3128689774
7461322982744940033,Taddeusz Byard,O+,Spasskoye-Lutovinovo,tbyardh1@google.ca,1/16/2019,4887016709
9429962179395807442,Wynnie Crosetti,B+,Salem,wcrosettih2@hubpages.com,3/14/2021,8068179230
536392920798392201,Carver Larkworthy,B+,Zigong,clarkworthyh3@nyu.edu,2/7/2021,7541834846
1226799953772497253,Erny Widdall,A-,Imām Şāḩib,ewiddallh4@cnet.com,6/7/2021,7556841823
2104022582279748189,Kathlin Fyldes,A+,Caramuca,kfyldesh5@google.de,10/14/2021,2088094405
2424378740026754064,Shepherd Babinski,B-,‘Alīābād-e Katūl,sbabinskih6@bigcartel.com,2/29/2020,8599314967
7069828333413662518,Ron Helwig,B+,Rzeczenica,rhelwigh7@friendfeed.com,10/20/2020,6989211295
5117444861418592153,Isak Parrett,AB-,Datong,iparretth8@vk.com,6/6/2019,9804462692
838897357277229498,Symon Cabral,A+,Gobojango,scabralh9@alibaba.com,3/31/2021,5815141558
9856424071358294525,Vonni Andor,O+,Aasiaat,vandorha@indiatimes.com,3/15/2020,1686471876
2059069669001263157,Marena Pretsell,B+,Qiucun,mpretsellhb@skyrock.com,7/23/2021,4411641132
8668800360702238347,Toddie Devonport,AB-,São Mateus,tdevonporthc@cdbaby.com,3/30/2020,7057437418
578138263469767029,Vinny Stokoe,A+,Pinggirsari,vstokoehd@nifty.com,8/25/2021,4921194882
2264260610604573895,Reine Amps,B+,Wulipu,rampshe@sohu.com,7/13/2021,6274111679
6181470403887144204,Wallace Seagood,O-,Krajan,wseagoodhf@dailymail.co.uk,2/23/2021,8908020283
2676948851681576011,Felike Gammade,B+,Binonga,fgammadehg@wp.com,3/6/2021,9387100385
8157713984079255095,Dacie Barabisch,B-,Ikeja,dbarabischhh@sfgate.com,11/9/2019,4916461928
6637000508576021128,Garrik Scrimgeour,AB-,Kalilu,gscrimgeourhi@cloudflare.com,1/1/2021,2514449990
7553690476895145970,Othilia Blinder,A+,Līvāni,oblinderhj@gravatar.com,1/3/2020,9921721197
6820369385712005996,Gabrielle Lardeux,A+,Varnávas,glardeuxhk@e-recht24.de,2/25/2019,3496341701
7588026162384587299,Anders Moakes,A+,Kongjiang,amoakeshl@google.de,8/28/2020,9981962056
8630435143681783731,Dun Cosgrave,O-,Ilesa,dcosgravehm@dedecms.com,12/22/2019,8437722087
458272083240387214,Elane Rehme,A+,Mongaguá,erehmehn@mtv.com,12/7/2020,2489168315
8503208401272194033,Sergent Josskowitz,O-,Zhuangtou,sjosskowitzho@blogtalkradio.com,12/17/2021,9666827215
5384170701173959461,Britt Budgeon,AB+,Mişrātah,bbudgeonhp@bandcamp.com,12/24/2020,1897062381
7646978957302018410,Kevyn Gligori,A+,Nyeri,kgligorihq@friendfeed.com,9/20/2020,2378278981
4192520712421017659,Nicholas Pfaffe,O+,Karangpawitan,npfaffehr@miitbeian.gov.cn,5/13/2021,9255246736
8382070520818103236,Alethea Bruneton,A-,Atamanovka,abrunetonhs@chicagotribune.com,3/3/2020,4792078160
3590186476520669013,Genny Lightbourne,B+,Kimméria,glightbourneht@hostgator.com,2/24/2021,9848009018
9041911089908624229,Misha Kording,B+,Guli,mkordinghu@360.cn,6/5/2021,6375448842
6957102757540887862,Christa Arens,AB+,Bakau,carenshv@ovh.net,3/13/2021,7318707812
9452865770344585902,Dorise Brailey,A+,Altos,dbraileyhw@pen.io,7/24/2020,8772427292
2554349509652338869,Hephzibah Duggon,A+,Zhoukou,hduggonhx@opera.com,6/14/2021,7964042923
9386638443970216023,Dulcine Mixon,B-,Las Carreras,dmixonhy@bluehost.com,7/20/2019,6121699919
3716008124152836499,Ody Rock,O+,Sunbu,orockhz@washingtonpost.com,7/4/2021,5934644581
222703808692044864,Dalton McGraffin,A-,Venda Nova,dmcgraffini0@tinypic.com,5/24/2020,7058248204
5924062674557178061,Aldis Langrick,A+,Longtanping,alangricki1@friendfeed.com,3/27/2019,3214613247
2608775994106369892,Ellis Struan,AB-,Bunia,estruani2@upenn.edu,12/18/2019,9544692637
9489540808691838533,Thornie Ekless,AB-,Lainqu,teklessi3@princeton.edu,12/29/2019,7245497986
5266378977190598415,Callida Gadsdon,A-,Yaita,cgadsdoni4@facebook.com,12/29/2019,4363781026
4598398245940021605,Antonia Rawsthorn,AB+,Fundong,arawsthorni5@surveymonkey.com,11/22/2021,2263759651
4766117022071561692,Leslie Yewman,AB+,Fuzhiping,lyewmani6@msu.edu,10/15/2019,8091981134
4763262235636045687,Luisa Greenard,B+,Shangyuan,lgreenardi7@reddit.com,9/5/2020,3948643035
157649520107042795,Stacey Addess,O+,Lasek,saddessi8@reuters.com,5/16/2021,5922965522
1730784071333482143,Aretha Vaan,B-,Baxiangshan,avaani9@businessinsider.com,11/6/2019,4787905831
9713405932734743567,Keane Kench,A-,Burevestnik,kkenchia@yale.edu,1/6/2020,1324226688
194644850847542990,Devondra Stubbings,B-,Shenshu,dstubbingsib@netvibes.com,9/2/2021,3042263116
7945651199697592875,Ally Spir,AB-,Doyong,aspiric@usatoday.com,1/12/2021,6651953225
802966557700767560,Tana Cotillard,A+,Smilavichy,tcotillardid@cbsnews.com,5/1/2019,5953803458
8334017108295549627,Laure Vazquez,AB+,Chiriguaná,lvazquezie@tmall.com,3/18/2019,3106019498
1432847420007520088,Nathanil Leftly,AB-,Paradahan,nleftlyif@oracle.com,10/8/2021,5381802574
5327729371210173280,Yehudi Berrey,O-,Camlachie,yberreyig@thetimes.co.uk,4/29/2021,2238181256
5623149332111915518,Dodie Daish,A-,Fuzhou,ddaishih@ask.com,4/28/2019,9612355379
2490600726655504931,Egon Treen,B+,Limoges,etreenii@wufoo.com,4/26/2021,6464758566
5810615309274929353,Ferd Bosma,O-,Belfast,fbosmaij@gravatar.com,10/12/2020,5701242822
571927728158740337,Evyn Silcock,O-,Caticugan,esilcockik@acquirethisname.com,10/14/2019,2009166155
5159539553565038608,Magda Purse,B+,Sandaoba,mpurseil@fda.gov,3/14/2021,3435995647
2740253405108904704,Doralyn Mainson,AB+,Joroan,dmainsonim@wunderground.com,11/13/2020,1686785370
4631337384462770868,Berti MacMaykin,O-,Kobilje,bmacmaykinin@furl.net,7/6/2020,1564809331
2365698608714840333,Hana Skipp,A-,Nelazskoye,hskippio@imageshack.us,2/24/2020,2411741275
1830902971759237014,Montgomery Grocock,O+,P’yŏngsŏng,mgrocockip@wunderground.com,12/1/2021,1601602523
3514032409158245059,Tallie Causley,O+,Pembroke,tcausleyiq@mediafire.com,8/1/2020,2487168997
2852372721904128465,Drew Smithe,B-,Banja Luka,dsmitheir@ask.com,11/17/2019,5302668017
4903834857560687814,Aprilette Huet,AB-,Mushie,ahuetis@google.com.hk,7/31/2019,2002166615
6773937590248804199,Ezequiel Crampin,B-,Suhe,ecrampinit@drupal.org,7/27/2019,3391572493
1772690840339705270,Rriocard Morrison,O+,Genova,rmorrisoniu@lulu.com,10/12/2020,5605570408
6783727244340829379,Denny Theze,B+,Kimanuit,dthezeiv@trellian.com,2/5/2021,2651901685
794036174742137627,Lexy Flageul,O+,Zhongbu,lflageuliw@blog.com,12/10/2019,8348427012
7159302120325000283,Zora Fink,B-,Vanves,zfinkix@clickbank.net,7/24/2021,7621588453
4953601209005487818,Gina Sterke,B+,Ar Ru’ays,gsterkeiy@linkedin.com,7/19/2019,7009284563
6574172201344893155,Lovell Runnett,A+,Harstad,lrunnettiz@paginegialle.it,7/7/2020,4682356513
3764906851965566006,Johan Pinxton,O-,Rabah,jpinxtonj0@wufoo.com,9/7/2020,8805326636
8561059937509985410,Vittoria Louden,AB-,Panggungwinong,vloudenj1@upenn.edu,10/25/2020,6207774744
5561734378247857374,Clayborne Wickersham,A-,Barengkok,cwickershamj2@gnu.org,10/19/2019,4166945954
5068925922678057259,Verla Wardhaw,A+,Ajdabiya,vwardhawj3@bloglovin.com,9/16/2021,3438233294
9606642261003131508,Lucia Clyne,AB+,Semirara,lclynej4@github.io,10/2/2019,5968371157
8477144546780933907,Jehanna O'Deoran,O-,Benito Juarez,jodeoranj5@sphinn.com,2/18/2020,8622763915
5220162951176643129,Bevvy Turneaux,B+,Nukuoro,bturneauxj6@mozilla.com,12/27/2020,2333482923
1405397807652502403,Archaimbaud Caroli,A+,Yermolayevo,acarolij7@statcounter.com,11/27/2021,3693878982
5776089083057460279,Pat Rochester,O+,Vicuña,prochesterj8@blog.com,9/29/2020,2456518198
8125112884969244246,Alfie Kaemena,A-,Leicheng,akaemenaj9@opensource.org,4/14/2021,2545406224
4162565951742082337,Pincas Courtney,A+,Kai,pcourtneyja@mtv.com,3/25/2020,7496507765
6614946017140600758,Manya Draper,B-,Karak,mdraperjb@typepad.com,3/12/2021,5088908638
8382521825286032818,Nerissa Pocock,O+,Puerto Montt,npocockjc@bravesites.com,1/2/2020,7346711680
4152542990761016722,Fairleigh Baraclough,A-,Krajan Selatan,fbaracloughjd@un.org,12/9/2021,8625350346
8894628679103195535,Louisette Hickinbottom,B-,Borowno,lhickinbottomje@blogspot.com,8/1/2020,7517617192
4241430764243145216,Kora Entissle,O-,Ndago,kentisslejf@sogou.com,9/24/2020,9367117989
7144166294819265498,Benedicta Syer,O-,Riung,bsyerjg@huffingtonpost.com,12/6/2020,1649350668
3118745127999976167,Nichol Goosey,A+,Istaravshan,ngooseyjh@taobao.com,5/10/2021,7779713119
4605343556001586192,Maridel Battaille,O+,Qingxi,mbattailleji@hao123.com,9/17/2020,8818332635
7012648786399146009,Alison Scholling,AB-,Piraquara,aschollingjj@umn.edu,1/5/2021,7667428911
2955196872816784644,Phillipe Morstatt,A+,Lazaro Cardenas,pmorstattjk@mtv.com,9/15/2020,3882006169
9764473356992315661,Lise Franz,AB+,Buenavista,lfranzjl@wufoo.com,4/18/2020,9471119056
1345445762236418849,Jack Hutfield,O+,Pszczew,jhutfieldjm@dion.ne.jp,2/2/2020,3376721062
3047967794663452494,Christophe Vossgen,O+,Ladozhskaya,cvossgenjn@ifeng.com,7/5/2019,4273873549
567794265253295953,Philippine Codeman,A+,Tobatí,pcodemanjo@telegraph.co.uk,3/23/2021,2317500573
1589818403225575308,Lilia Stinchcombe,AB-,Mae Fa Luang,lstinchcombejp@tiny.cc,6/5/2019,4275946695
9733868238286628993,Ed Camellini,AB-,Lykóvrysi,ecamellinijq@bloglines.com,6/23/2019,3321152716
1950118564441975796,Linea Danielovitch,AB+,Erba,ldanielovitchjr@imageshack.us,5/21/2020,8188440561
8136224833959176895,Asia MacKissack,A+,Tangjiakou,amackissackjs@gov.uk,1/10/2021,2107621417
57477843050952488,Chiarra Ottam,A-,Beaverlodge,cottamjt@drupal.org,8/13/2020,6602384014
2583052627413893439,Abe Mansion,B+,Svoboda nad Úpou,amansionju@amazon.com,6/25/2019,4768745733
6957239558233554581,Marcille Petit,A+,Balekambang,mpetitjv@whitehouse.gov,12/15/2019,1654316826
83040450364176292,Roselia Amberson,AB+,Lembursawah,rambersonjw@ning.com,5/22/2019,2544331395
6448461318419473092,Illa Haxbie,A-,Pyu,ihaxbiejx@baidu.com,6/4/2020,5458143737
7056153246021259646,Shanie Gass,A+,Buenos Aires,sgassjy@youku.com,12/6/2020,1222369884
3050767445878631628,Fredrick Cowen,A-,Shimen,fcowenjz@cdc.gov,7/7/2019,3192365559
1011021109292767039,Gabie Ventom,A-,Chiquinquirá,gventomk0@barnesandnoble.com,1/27/2020,1503313298
9286832018574474043,Cassie Seden,O-,Mayumba,csedenk1@mashable.com,7/22/2020,8839506545
5782358747554713167,Ealasaid Bartomieu,O-,Fresnes,ebartomieuk2@bbb.org,6/29/2021,3698354771
5169081894868959931,Ralf Klampk,AB-,Karawatu,rklampkk3@arstechnica.com,7/20/2019,4522524587
497999669027941714,Pauli Otley,AB-,Skuhrov nad Bělou,potleyk4@vk.com,1/13/2019,2351580471
8036108119056061776,Dagny Weightman,A-,Novaya Usman’,dweightmank5@about.com,1/8/2020,4353748624
5073412828902848184,Godart Rannald,AB+,Hongtu,grannaldk6@spotify.com,4/1/2021,2287907725
3255126149101041094,Jayme Leah,A-,Dorp Tera Kora,jleahk7@mozilla.com,6/23/2019,9713148208
1643389843212618512,Darryl Curner,O+,Sumalig,dcurnerk8@hexun.com,12/5/2021,7545212905
8871936325223192859,Dicky Heersema,AB+,Palca,dheersemak9@umn.edu,8/4/2019,4977418740
2462494139825479472,Dominga Piens,AB-,Jindřichov,dpienska@omniture.com,7/11/2021,3515694850
9312499027917756291,Darb Barette,O-,Thamaga,dbarettekb@yelp.com,8/8/2020,8056937644
3423158278495790651,Nissy Goodwins,A-,Roma,ngoodwinskc@twitter.com,6/25/2019,5252770075
2491467879831341991,Kathye Canada,B-,Gubin,kcanadakd@mysql.com,5/27/2021,7702670558
9719254466243817313,Dian Cronk,AB-,Johanneshov,dcronkke@whitehouse.gov,11/17/2019,6418276794
2691201198561578097,Yurik Carty,A-,Marseille,ycartykf@gnu.org,4/7/2019,3918835952
1981890481198859454,Carolin Panketh,B+,T’ianet’i,cpankethkg@wix.com,7/10/2020,5341723859
6902874349539590098,Callie Sebastian,A+,Maao,csebastiankh@php.net,2/10/2019,9771005353
4570411016444441197,Emogene Lampe,B-,Houston,elampeki@trellian.com,2/19/2021,7254175243
7481789798417104715,Genovera Grumbridge,A-,Midleton,ggrumbridgekj@1688.com,10/25/2021,5852431288
2887163467010926339,Kathryn Wraighte,O+,Pohonsirih,kwraightekk@microsoft.com,2/17/2021,4526962393
8298663552571349829,Milo Petit,AB-,Novohrad-Volyns’kyy,mpetitkl@blog.com,12/11/2021,8315113320
5591176450461839475,Melina Klimkin,AB-,El Carmen,mklimkinkm@jiathis.com,3/24/2021,2437577816
8412181426440397016,Irv Jardin,B+,Quimper,ijardinkn@go.com,3/31/2020,9336283334
7690459660752778351,Alexio Ert,AB+,Kouango,aertko@apache.org,6/23/2021,1772151562
8986557591141576680,Adelice MacGaughy,O+,Botlhapatlou,amacgaughykp@amazon.co.jp,2/18/2019,8072708965
5224380639176270226,Putnam Fulford,AB+,Taizi,pfulfordkq@illinois.edu,5/30/2019,5186527230
5571730995980758914,Carrol Grayson,O-,Guadalupe,cgraysonkr@ucoz.ru,3/5/2019,7605157373
9220138068198695206,Clayborn Garrick,A-,Voloshka,cgarrickks@admin.ch,6/5/2019,3689880168
8625821391665417538,Rollo Chandler,O+,Pamatang,rchandlerkt@51.la,3/30/2019,8623633002
8294183225032522345,Celinda Arnson,A+,Telagasari,carnsonku@booking.com,4/4/2021,4943162708
6891805971839520023,Charis Willcock,AB+,Bergen,cwillcockkv@phoca.cz,10/13/2020,5031127108
1377412248171609208,Hortensia Seely,B-,Nelipyno,hseelykw@yahoo.co.jp,12/15/2020,4397644891
2177264976736230972,Melisse Sheen,O+,Sampungu,msheenkx@columbia.edu,12/28/2020,8064246177
926571716490730837,Demeter Bankes,O+,Honolulu,dbankesky@nationalgeographic.com,9/1/2020,8084759966
1467134466875730963,Dame Kennealy,O+,Mpika,dkennealykz@posterous.com,12/4/2021,2074906510
6772194979142955661,Aarika Zammett,A-,Koundara,azammettl0@multiply.com,2/16/2021,1343912018
289148579586862342,Leta Ivashnyov,B-,Zhuoshui,livashnyovl1@discovery.com,1/7/2019,7653966912
2514657827660334323,Derick Lichfield,A+,Yessentuki,dlichfieldl2@homestead.com,4/3/2021,5298482282
2647718603012890555,Gunilla Frostdick,O+,Mondlo,gfrostdickl3@vistaprint.com,10/1/2019,6192062099
9443771840680453044,Towney Attwood,O+,Nzega,tattwoodl4@howstuffworks.com,7/3/2019,8609795509
8890097568457176520,Thekla Olorenshaw,AB+,Tanjung,tolorenshawl5@fc2.com,1/1/2020,4151424754
8721743457516035482,Filberto Stillman,B-,Zhangatas,fstillmanl6@wisc.edu,9/21/2020,2182026110
4970574247837732867,Faythe Geraldini,AB+,Karangkedawung,fgeraldinil7@cnet.com,11/9/2021,9945709197
6111889676264124708,Ximenez Briztman,A-,Rentung,xbriztmanl8@alibaba.com,11/10/2019,2568957106
2152623374246926508,Germain Clail,AB-,Kaseda-shirakame,gclaill9@ftc.gov,9/26/2021,4732008453
8654853970730160795,Lynde Lister,B+,Gawanan,llisterla@uiuc.edu,5/6/2021,7145216069
5630426987781117527,Paxton McPeice,AB+,Batasan Bata,pmcpeicelb@blogger.com,2/25/2020,1185644794
1255598154117768107,Helene Fetter,B+,Dongshan,hfetterlc@hatena.ne.jp,4/4/2021,5623984609
1206576795303987734,Devina Cardnell,B-,Baiju,dcardnellld@flickr.com,6/28/2020,2597113697
3792913292679252006,Birgitta Manueau,A+,Limulunga,bmanueaule@pcworld.com,12/2/2019,8228441863
5656291340456613320,Rafferty Sircomb,A+,Diébougou,rsircomblf@flavors.me,8/28/2021,9901642791
8127687757644137438,Madalena Lello,O-,Maastricht,mlellolg@sbwire.com,8/15/2020,7161911084
4321122073589688313,Sibylla Flowers,O+,Orkney,sflowerslh@vistaprint.com,2/6/2021,6175429227
5934723466041130936,Cristin Kopfen,A+,Gião,ckopfenli@ycombinator.com,4/18/2019,1129104885
2226466922971520453,Karlan Daburn,O+,Monte Aprazível,kdaburnlj@npr.org,2/25/2020,2741970030
4859076362432025587,Birgit Bleacher,B-,Chiara,bbleacherlk@accuweather.com,6/20/2021,3327908713
1167750673639117002,Belinda Buney,O+,Velestíno,bbuneyll@smugmug.com,11/7/2021,3356385038
7973510629978618073,Barn Bullene,B-,Lordegān,bbullenelm@biglobe.ne.jp,10/10/2019,4453511485
9479013368743827210,Crystal Bagehot,O-,Ballivor,cbagehotln@bizjournals.com,10/21/2021,1308707813
2509412177544993230,Walton Kedwell,B+,Biały Bór,wkedwelllo@cbslocal.com,7/2/2020,9566724591
9564428615110321920,Shandee Krauss,AB+,La Garenne-Colombes,skrausslp@bbc.co.uk,4/5/2020,6432338865
6191570997713302609,Lutero Dorrian,B+,Calvário,ldorrianlq@spotify.com,10/4/2019,9717513761
7142774940169439384,Belita Kitcatt,O+,Bryukhovychi,bkitcattlr@usda.gov,11/10/2020,3121874034
7472968618495537185,Abbie Cardon,AB-,Phù Mỹ,acardonls@go.com,3/15/2020,8265729396
9798441243706896900,Abbe Ballard,A+,Dowan,aballardlt@sun.com,10/18/2021,3542654916
1688123827165793766,Marlow Van Merwe,O+,Krasnotur’insk,mvanlu@google.de,10/24/2021,8086299838
8640237256467367573,Colene Bouzan,B+,Xuexi,cbouzanlv@weebly.com,8/5/2020,6439853899
2877329982008342773,Chandal Taillard,AB-,Phù Cát,ctaillardlw@jimdo.com,12/3/2019,9861631664
7254652443346306521,Joe Bute,O-,Chlumec,jbutelx@bloglines.com,6/11/2019,2714829553
5295422518491589423,Crista Bancroft,A-,Kotri,cbancroftly@amazon.co.jp,3/24/2021,9011530365
2244734532744768570,Renee Lambswood,A+,Driyorejo,rlambswoodlz@simplemachines.org,3/22/2019,9402784884
7621313259684270547,Kippie Woollcott,AB-,Mineralni Bani,kwoollcottm0@virginia.edu,6/24/2019,9395285320
5856314832736409809,Caressa Dinan,O-,Efkarpía,cdinanm1@newsvine.com,11/6/2019,5325101347
5317608088641752444,Jareb Everton,O+,Petrokamenskoye,jevertonm2@flavors.me,11/21/2019,1572843829
8249825073788580563,Druci Schenkel,A+,Stockholm,dschenkelm3@tripod.com,6/29/2021,4318068867
1930943937130071811,Wyatan Sail,O+,Skála Oropoú,wsailm4@ezinearticles.com,12/7/2019,4278914338
7074919904344078275,Abagael Boustead,A-,Santa Rosa de Copán,abousteadm5@odnoklassniki.ru,2/12/2021,7129510216
2097935018133011157,Gavin Drysdale,AB-,Noyal-sur-Vilaine,gdrysdalem6@virginia.edu,2/24/2021,2347592422
8943814414342509983,Cherye Hyde,O+,København,chydem7@house.gov,12/28/2020,5743958466
6910279984770984182,Cristi Gounard,B+,Jalalaqsi,cgounardm8@flickr.com,3/9/2019,5524996031
7193118485882451398,Georgette Dransfield,A-,Krajan,gdransfieldm9@vinaora.com,12/17/2020,1957034474
9906675847953102318,Camilla Whacket,B-,Fukuchiyama,cwhacketma@usatoday.com,12/30/2021,5671774033
5444629780181979681,Milt Pavlovsky,B+,Linxi,mpavlovskymb@arstechnica.com,4/28/2020,9271645673
7381308833455828105,Noland Benardeau,AB+,Gombe,nbenardeaumc@dot.gov,5/13/2020,1598506963
6364388036227914056,Donnell Rawls,B-,Polýkastro,drawlsmd@delicious.com,11/11/2021,5444004221
3201901032541040297,Helene Devitt,B+,Becerril,hdevittme@bloglovin.com,5/13/2020,8045288251
4789727453556222603,Lyell Insley,B+,Cotaparaco,linsleymf@odnoklassniki.ru,8/16/2019,7186920905
6262196045008576041,Lonni Pleven,A+,Xingshou,lplevenmg@unesco.org,2/12/2021,3947091943
6029413934478516206,Debor Bringloe,A-,Longjumeau,dbringloemh@weather.com,4/24/2019,8429338778
5026423799903459812,Tailor Vosper,O+,Nanqiao,tvospermi@whitehouse.gov,6/14/2021,5166058275
1650182163586996227,Brigida Batrim,AB+,Maevatanana,bbatrimmj@china.com.cn,1/23/2019,4262552158
8801396690273270903,Sayer Fillery,A-,Pingtan,sfillerymk@huffingtonpost.com,10/4/2020,3379548322
3154714697362089953,Trumann Athelstan,O-,Xishaping,tathelstanml@bbc.co.uk,4/13/2019,5375554737
237851284914419141,Roch Charter,B-,Jiangnan,rchartermm@uiuc.edu,5/4/2021,7608920538
5116944907197069791,Dane Pullman,O-,Rote,dpullmanmn@miibeian.gov.cn,10/18/2020,2365546513
6207936385520405855,Putnam Borghese,B+,Longhua,pborghesemo@squidoo.com,12/23/2020,5189640956
3413742328027401964,Siward Luke,A+,Welisara,slukemp@bloglovin.com,12/17/2021,1058715838
8583900865897662693,Alford Pinhorn,O-,Mafa,apinhornmq@washingtonpost.com,12/10/2020,9056834812
7948497506056702630,Maddy Mewitt,B-,Roliça,mmewittmr@nasa.gov,2/24/2020,5725794014
9698088383303783978,Paten Darlasson,AB-,Xinshichang,pdarlassonms@pbs.org,2/21/2021,5206912241
5547611807965663996,Marcie Arni,AB-,Denver,marnimt@opera.com,2/9/2019,3039145119
5556595224756328536,Lorry Millhouse,A-,Louveira,lmillhousemu@amazonaws.com,5/26/2020,8346605011
2040660473668157720,Kala Ballentime,AB-,Jrashen,kballentimemv@mozilla.org,10/12/2019,5736540539
6532553550941087117,Livia Baccus,O-,Le Lamentin,lbaccusmw@about.me,10/22/2019,5184421216
9001670744784667523,Sharai Huccaby,A+,Don Carlos,shuccabymx@eepurl.com,5/4/2021,3931687475
9237696776032264122,Woodrow Farryn,B-,Sukapura,wfarrynmy@webs.com,8/9/2021,3968349296
5184331438643436252,Wynn Maureen,AB+,Calinog,wmaureenmz@marriott.com,9/2/2021,4664483664
9191109888705198570,Julie Atthowe,AB+,Candi Prambanan,jatthowen0@facebook.com,1/20/2020,2529740460
1493423633159395367,Gretta Hallex,AB-,Shiwan,ghallexn1@uiuc.edu,10/30/2020,4551890714
1196290581484348677,Granny Norcliff,A+,Tsaghveri,gnorcliffn2@army.mil,3/1/2021,9207623793
6043283268704707674,Selig Short,O+,Nanterre,sshortn3@lulu.com,9/11/2019,9683485845
8744971439431647359,Danyette Pizzie,A-,Causwagan,dpizzien4@youku.com,3/12/2020,3006129488
9057308743579261591,Lebbie Pottes,O-,Gravatá,lpottesn5@purevolume.com,11/18/2020,2125131817
4739245872672000081,Jelene Colloff,O-,Calamba,jcolloffn6@biblegateway.com,6/21/2020,4034840154
4695743936985866962,Des Davage,O+,Caibarién,ddavagen7@g.co,12/12/2019,2488969136
7642079788748037310,Simone Penberthy,O+,Ciudad Bolívar,spenberthyn8@auda.org.au,1/14/2020,5292108910
4428180079040225567,Fredra Rathjen,AB+,Bayanhoshuu,frathjenn9@paypal.com,3/10/2021,9936491764
5161196710340355465,Jorie Guyer,B+,Palma Gil,jguyerna@tinypic.com,1/22/2021,7551211505
9628009725805342077,Dede Jadczak,AB-,Tycheró,djadczaknb@bloglovin.com,2/15/2019,3085068742
6816017605645393827,Obadias Hansley,A-,Futian,ohansleync@pbs.org,4/29/2019,4333769733
7462668453637434349,Gilberto Hundey,O+,Kathu,ghundeynd@multiply.com,11/27/2019,1414814885
6793650799418149156,Giles Mitchall,O+,Orzech,gmitchallne@abc.net.au,4/13/2020,1405686940
7639892646841224313,Aurthur Kellitt,A-,Kurjan,akellittnf@smugmug.com,6/9/2019,5758338429
6515258621412872593,Sarine Adamides,O+,Mobile,sadamidesng@indiatimes.com,6/2/2019,2516700797
7701579975971085268,Cullan Kelston,AB+,Sundbyberg,ckelstonnh@forbes.com,12/2/2020,4952209883
7420460772669038088,Ole Penson,B+,Limbuš,opensonni@gnu.org,10/29/2019,8878667440
6076293564964399887,Bonnibelle Birth,B-,Seixas,bbirthnj@ustream.tv,4/2/2019,1772506548
9744482461008371188,Payton Damp,B+,Langkapcaang Hilir,pdampnk@youtube.com,10/21/2019,7141085969
967285672416517105,Eyde Libbey,O+,Yangzhuang,elibbeynl@twitter.com,12/12/2020,1002942434
6044198870709083263,Colly Frankling,O-,Fullerton,cfranklingnm@rakuten.co.jp,9/6/2021,7146668791
8278514154573508152,Brad Stairmond,A-,Di Linh,bstairmondnn@icq.com,1/4/2020,4431677580
7883498195032325423,Maxy Chrestien,A+,Pensacola,mchrestienno@nbcnews.com,6/8/2021,4071613487
6276679838115189009,Turner Dumbelton,O-,Sangmu,tdumbeltonnp@1und1.de,1/27/2020,7915283255
4380680637596816991,Kassia Farress,A+,Josefina,kfarressnq@smugmug.com,7/15/2021,6034013030
5435909445327738805,Xylia Stebbing,AB+,Banjar Dauhpangkung,xstebbingnr@msu.edu,10/13/2020,5887188756
5274488306000845389,Sherwood Letherbury,O+,Magatos,sletherburyns@nasa.gov,2/24/2019,7102260400
6795598732972146149,Michell Spinella,O+,Chunghwa,mspinellant@digg.com,11/18/2019,9679903242
1047662910112599961,Mozes McNeilly,A+,Bang Na,mmcneillynu@hhs.gov,2/3/2020,8068851371
7238968702018284028,Gelya Mugleston,O+,Torres,gmuglestonnv@ycombinator.com,11/26/2019,1191687206
7135696130391054492,Sinclare McLinden,AB+,Ghurayd Gharamē,smclindennw@163.com,4/9/2020,2544474170
6344449302683497876,Jonie Poundesford,O+,Naha-shi,jpoundesfordnx@macromedia.com,1/3/2020,6543513959
4386809253083022789,West Bollin,AB-,Dongbian,wbollinny@geocities.jp,4/19/2019,3543249944
7854025558277763010,Flor Giacubbo,A+,Huangdao,fgiacubbonz@meetup.com,5/17/2020,4777189975
9816056064310159928,Dal Cranmore,B-,Yayao,dcranmoreo0@biblegateway.com,11/3/2021,4548250991
7262626217850646851,Cybill Kernermann,AB+,Hörby,ckernermanno1@exblog.jp,10/16/2019,9872678566
7840502705706708331,Haily Terran,B+,Kyaikkami,hterrano2@cdc.gov,11/3/2020,6271357978
6657903805447364885,Yvette Poulney,B-,Medovene,ypoulneyo3@state.tx.us,3/15/2021,1514128265
8927778742625999393,Stanislaus MacGinley,B+,Tawala,smacginleyo4@scribd.com,10/23/2020,5543238428
6838172064051790091,Shanie Malby,AB+,Al Qadarif,smalbyo5@fotki.com,9/20/2019,5766892298
3889411089076797976,Jolynn McGorley,A-,Non Sung,jmcgorleyo6@dyndns.org,9/23/2020,8362597813
1841361823522785529,Rose Cordeau,O-,Taipinghu,rcordeauo7@webnode.com,10/20/2020,2698003210
4548197651755389353,Ferdie Novak,O+,Huiwan,fnovako8@tripadvisor.com,6/9/2020,8534237558
199192845597483368,Karrah Thebes,B+,Zambujeira,kthebeso9@wunderground.com,12/14/2020,5429927790
1502774258435026595,Etienne Rosling,A-,Morelos,eroslingoa@businesswire.com,9/23/2020,4031154158
2543270433560978213,Ariel Franey,O+,Shentong,afraneyob@bizjournals.com,2/2/2020,5102127494
4678951598072403929,Verge Corwood,B+,Tsukumiura,vcorwoodoc@auda.org.au,2/23/2020,1899550883
2049899684538234762,Melinda Wordsworth,AB+,Shiraz,mwordsworthod@spotify.com,7/10/2019,2679386093
6846786216226171588,Daven McCaighey,B-,Ash Shuhadā’,dmccaigheyoe@scientificamerican.com,3/10/2019,9659130927
951836373081679237,Cayla Luckings,O-,Engenho,cluckingsof@bluehost.com,12/18/2020,8816649230
1074242054723789050,Giustino McCullagh,O+,Kotel’niki,gmccullaghog@miibeian.gov.cn,9/21/2019,4012508599
5419496472330251688,Isidoro McInnery,A+,Oslo,imcinneryoh@w3.org,9/18/2019,8419143010
9355238511436035684,Eleanor Coushe,O+,Pīr jo Goth,ecousheoi@mail.ru,11/21/2019,6439463967
8908034657130410000,Osmond Tant,B+,Tong’an,otantoj@ox.ac.uk,3/2/2020,4131713250
3632544345001838951,Karly Romanetti,B-,Malakand,kromanettiok@mapquest.com,1/23/2020,9909070324
7976003371491384920,Winfield Bunney,B-,Mulyosari,wbunneyol@ihg.com,1/16/2021,3911444802
9509186536992477377,Shane Sagrott,O+,Stockholm,ssagrottom@upenn.edu,8/9/2019,2438363325
3665890604053491100,Charline Baugh,AB+,Okcheon,cbaughon@jugem.jp,12/24/2021,3174780810
915379499830438779,Kelcy Dorgon,AB-,Yingzai,kdorgonoo@arstechnica.com,11/19/2020,2032920596
9780931265095637227,Teodoor Yelding,B-,Tarakan,tyeldingop@spiegel.de,2/5/2021,4289000375
2064045351260764289,Carolus Durnall,O+,Pingsha,cdurnalloq@rediff.com,5/13/2019,7692738891
6612603618523748873,Rhett Case,AB+,Fengren,rcaseor@themeforest.net,12/11/2021,1102998053
8150879394051118562,Lammond Rhymes,A+,Kebonan,lrhymesos@google.co.uk,10/8/2019,2574878277
4672769063984361055,Felicio Joules,A+,Sepit,fjoulesot@google.com.hk,11/20/2020,3407498047
3374325001764680073,Avivah Hutchison,AB+,Wufeng,ahutchisonou@accuweather.com,9/8/2019,4072015619
4803338235450522026,Ly Joris,O+,Imsida,ljorisov@wordpress.org,5/28/2021,4582716394
6736645104921721820,Tedi De Caroli,A-,Volgo-Kaspiyskiy,tdeow@meetup.com,2/16/2019,7303565339
1019297494527473193,Broderick Scoterbosh,B-,Yaurisque,bscoterboshox@engadget.com,6/5/2020,5517178541
9079658734304563278,Darb Innott,A-,Lisewo Malborskie,dinnottoy@cafepress.com,5/26/2021,6941097870
88830823649940801,Veradis Jannasch,A-,Ban Khok,vjannaschoz@japanpost.jp,7/26/2019,7958678460
6045598121910696035,Tessa Buckhurst,B+,Nanshi,tbuckhurstp0@tripadvisor.com,2/14/2021,7961329905
885629593157538898,Brandy Rentelll,A-,Cibetung Dua,brentelllp1@shutterfly.com,8/23/2020,1569289144
7100583577109785682,Andros Treherne,AB-,Bokat,atrehernep2@nymag.com,6/29/2021,2584632868
5080375902254004482,Dominick Allnutt,A-,Dacheng,dallnuttp3@dagondesign.com,5/29/2021,4953000555
9199028290695245001,Aaron Skoate,O+,Iyo,askoatep4@java.com,3/21/2019,8126046078
7452451311173292968,Emmy Devereu,B+,Pogwizdów,edevereup5@ustream.tv,5/10/2021,9264117638
3440380967531292935,Lucine Kesey,O-,Dalsjöfors,lkeseyp6@mediafire.com,2/11/2020,1379398622
9956207095542793230,Glynnis Toombs,A+,Pasirjaya,gtoombsp7@indiatimes.com,6/20/2019,7036003424
8166148498614669352,Hilarius Cockling,A-,Ichinomiya,hcocklingp8@livejournal.com,3/13/2020,5245412426
634734201719330969,Nissa Kondratyuk,B+,Fresno,nkondratyukp9@bandcamp.com,5/11/2021,4295549639
2477172638936607240,Bank Jenner,AB-,Łącko,bjennerpa@myspace.com,2/23/2021,5969463948
8544541509002347118,Alana Favela,O-,Ordzhonikidzevskaya,afavelapb@umn.edu,8/22/2019,1901269693
3576364842609491594,Aimil Swinn,A-,Shangzhang,aswinnpc@google.co.uk,11/27/2020,5176025058
5432611204436615809,Meade Tupper,A-,Mayahi,mtupperpd@tripod.com,9/8/2021,1514519514
8664467142268913502,Keenan Brewer,AB+,Kodamachō-kodamaminami,kbrewerpe@hexun.com,5/26/2019,1686514314
280676124402195439,Daniele Cargill,A-,Yelan’,dcargillpf@so-net.ne.jp,2/9/2020,4665702405
7875688078395468531,Barnebas Ritzman,A+,Xuxiake,britzmanpg@odnoklassniki.ru,6/20/2021,3578368749
4494341004297935060,Cati Markie,B+,Changyŏn,cmarkieph@github.io,3/1/2020,2233934060
2745116326049497957,Timmie Melling,AB+,Phúc Yên,tmellingpi@arstechnica.com,7/7/2019,5761938767
4168692338130701788,Jerrilee Bridgwood,AB+,Taraju,jbridgwoodpj@shareasale.com,3/3/2020,7883714902
4192338415273053918,Anton Tebbitt,B+,Tānsen,atebbittpk@instagram.com,12/23/2021,1873026505
2050481894951425540,Bing Burriss,AB+,Salaberry-de-Valleyfield,bburrisspl@parallels.com,5/5/2020,5747188700
9414061866618088495,Sanders Langwade,O-,Salamrejo,slangwadepm@aboutads.info,7/22/2019,5766608438
3758708463159909994,Lincoln Dutch,O-,Katsuyama,ldutchpn@imageshack.us,7/31/2019,4656846022
2705135769820015521,Barn Davidesco,O+,Klevan’,bdavidescopo@mozilla.org,10/9/2020,1885497697
8045631028050182953,Raffarty Juara,AB-,Gobō,rjuarapp@istockphoto.com,12/20/2021,7327261091
307802904106602718,Lavena Kreutzer,A+,Khuean Ubonrat,lkreutzerpq@360.cn,2/26/2020,8211618234
3403422927175759017,Joelynn Boice,B-,Cañasgordas,jboicepr@histats.com,6/23/2019,5242700034
1001868070632058869,Eldredge Von Hindenburg,AB+,Nart,evonps@privacy.gov.au,6/17/2021,6663444250
6028642899294068737,Fremont Darwent,A-,Cabugao,fdarwentpt@goodreads.com,4/14/2021,6244375699
1493643110459372759,Olive Lewton,AB-,Setono,olewtonpu@nba.com,2/18/2020,7934865603
306245941957834776,Valene Sympson,B-,Buffalo,vsympsonpv@intel.com,1/9/2020,7169973770
7625474900525907796,Rollins St. Aubyn,AB+,Xinkai,rstpw@apple.com,7/31/2020,3332414270
3696564626068259726,Dorry Skates,AB+,São Joaquim da Barra,dskatespx@youtu.be,7/2/2021,6874309490
7129111241531749763,Thornton Walentynowicz,AB-,Danan,twalentynowiczpy@shop-pro.jp,11/24/2019,9779983112
4656495486664110962,Poul Tresler,O-,Dowan,ptreslerpz@geocities.jp,5/18/2019,6579400771
4827644959556375361,Wait Kmicicki,A+,Yanchi,wkmicickiq0@state.tx.us,2/26/2019,3874494798
2197102069070495026,Minna Carsberg,B+,Taboc,mcarsbergq1@hatena.ne.jp,4/13/2019,4345514899
3004623680435226626,Ginny Gue,O+,Kinel’-Cherkassy,ggueq2@example.com,2/28/2019,2132095680
2585565370015894850,Adelle Gobolos,AB-,Čair,agobolosq3@tamu.edu,10/30/2020,7768381543
1930173108599348040,Margalit Cool,A-,Loughrea,mcoolq4@ibm.com,12/18/2019,5141602296
6804163022116180321,Conrade Chestnutt,O+,Myeik,cchestnuttq5@symantec.com,3/27/2019,6842696689
9200260070047273372,Sharai Daldry,B-,Bluff,sdaldryq6@cnn.com,12/7/2019,2787732743
5858124434281331377,Anatollo Garrioch,B+,Ash Shuqayrah,agarriochq7@instagram.com,12/19/2019,9778718930
2768733076562263792,Enrico Boote,A+,Mandeman Daya,ebooteq8@google.com.br,4/25/2021,8665837132
2779315676249527419,Alleen Aistrop,B-,Chernukha,aaistropq9@yellowpages.com,3/17/2021,1546797720
5261911150396924447,Zak Bellows,B-,Ustupo,zbellowsqa@furl.net,8/6/2021,9098323572
9796305041618111101,Kristan Geraghty,A-,Bagong Barrio,kgeraghtyqb@illinois.edu,10/12/2019,6915412531
5052943948038817399,Mikol Skeleton,A+,Quesada,mskeletonqc@printfriendly.com,1/30/2020,3397560252
2844376845509162967,Melissa McGrale,AB+,Aloleng,mmcgraleqd@networksolutions.com,2/19/2019,5938661653
7919657032699643288,Kellyann Andrich,AB-,Jianshan,kandrichqe@geocities.com,7/6/2021,6344196362
5376149544961848058,Saundra Scutter,O+,Marseille,sscutterqf@is.gd,3/17/2020,4034098431
6045885107176380093,Mort Gelder,AB+,Anjirserapat,mgelderqg@unesco.org,9/6/2019,3513670856
304478764487091832,Zea Jerrard,O-,Pontevedra,zjerrardqh@ifeng.com,10/29/2021,5066371128
2216204983659998084,Esma Hambridge,AB-,Ngerengere,ehambridgeqi@google.nl,12/27/2020,4293263059
9309119586420044342,Veda Minghi,AB-,Chisht-e Sharīf,vminghiqj@oracle.com,7/25/2021,1442134694
2576415460434997931,Dex Bockett,A+,Līkak,dbockettqk@parallels.com,4/18/2021,6273374628
1186648774886028926,Joell Stanney,A-,Futian,jstanneyql@chron.com,2/2/2021,7073183877
7900669397128139999,Dorey Moggle,AB+,Berlin,dmoggleqm@ox.ac.uk,12/3/2020,2982091254
820689343658196830,Marijn Callaway,A-,Portelândia,mcallawayqn@issuu.com,1/4/2021,3524724611
3669565737895458856,Kamillah Bratton,AB+,Cimuncang,kbrattonqo@soundcloud.com,1/17/2019,3904727700
7249412129826042326,Reuven Burdis,AB+,Havre-Saint-Pierre,rburdisqp@auda.org.au,2/18/2019,2471414947
5429765453626929149,Deva Godly,O+,Manchester,dgodlyqq@stanford.edu,4/5/2021,2154511157
1306593217106732770,Matty Eglaise,A-,Chengzhai,meglaiseqr@sakura.ne.jp,12/12/2020,2891697850
8277825526921793909,Holly Lynnitt,O-,Usol’ye,hlynnittqs@t-online.de,4/30/2021,4305815106
9066461464322199544,Dael Van der Spohr,AB+,Plereyan,dvanqt@timesonline.co.uk,3/18/2020,2066148274
8218481490634210794,Rosco Fishbourne,O-,Jiazhuang,rfishbournequ@mlb.com,1/18/2019,8703328942
1131647649787150934,Tomasine Sutcliff,A+,Kalenderovci Donji,tsutcliffqv@google.ca,3/28/2021,1939789079
2287313049564831539,Peyton Turvey,B+,Deán Funes,pturveyqw@a8.net,8/9/2020,5538288245
3348999730384593077,Madelon Shreenan,O+,Malibong East,mshreenanqx@nba.com,1/28/2019,8194025537
5103548565444583596,Rasla Burnhams,B+,Patarrá,rburnhamsqy@issuu.com,11/11/2021,1624163542
917286853160458161,Gayler Butlin,O-,Isperikh,gbutlinqz@ustream.tv,5/12/2020,9438180852
9595090686803147257,Bridie McAndrew,B+,Cikembar,bmcandrewr0@ft.com,7/17/2021,9953865670
4290340562961283324,Genna McOwen,A-,Mina Clavero,gmcowenr1@deliciousdays.com,3/24/2020,8236054301
7012148327797412068,Emilia Gravy,AB-,Boulogne-Billancourt,egravyr2@java.com,3/12/2020,6017958679
8961556294656119496,Dorolisa Herreros,O+,Baoyou,dherrerosr3@bloglovin.com,11/15/2020,6671937953
6922854093665340294,Cameron Dundredge,O-,Örnsköldsvik,cdundredger4@archive.org,7/24/2020,6305977101
7982046404840860698,Fran Dono,B+,Pulosari,fdonor5@liveinternet.ru,8/1/2020,3471851568
5291678083351471368,Tammy Friar,B-,Reims,tfriarr6@economist.com,6/7/2020,7628701978
55576222762729354,Cordi Bennedick,A+,Nova Pazova,cbennedickr7@toplist.cz,7/17/2020,7885800179
9706941728060154123,Stephi Gregoletti,O-,Cankova,sgregolettir8@eventbrite.com,8/9/2020,1852710201
1742445859664341615,Bria Harses,AB+,Chenfang,bharsesr9@ehow.com,12/12/2020,1763147499
7374893471545663446,Coop Vasin,AB-,Santo Domingo,cvasinra@sbwire.com,9/8/2021,4073244910
9603007963601704085,Laraine Fiveash,B+,Campos,lfiveashrb@istockphoto.com,1/9/2021,8148256776
9543757234141902391,Roxi Grafton-Herbert,A-,Lyon,rgraftonherbertrc@squarespace.com,5/2/2019,9174000695
9527631549737965318,Laney Doonican,A+,Nanshi,ldoonicanrd@livejournal.com,4/13/2020,3291797931
9161720138808631861,Susann Tildesley,A+,Jangkat,stildesleyre@flavors.me,4/25/2021,5301246451
2768712686008793456,Hermina Skupinski,B-,Shangying,hskupinskirf@facebook.com,2/18/2019,3264072886
2221763211622443148,Agretha Spuffard,AB+,Naples,aspuffardrg@sciencedaily.com,2/23/2020,2397116219
938697970235508510,Cathlene Wolfe,B-,Beaconsfield,cwolferh@webs.com,8/17/2021,6841042656
155156749267470947,Travus Lusted,O-,Sedan,tlustedri@virginia.edu,4/24/2019,1328349183
9412907748811680634,Emmy Yakov,A+,Tiksi,eyakovrj@nymag.com,1/6/2020,6949016432
8723439660010287599,Gertie Molohan,O+,Belsh,gmolohanrk@geocities.jp,5/31/2021,4171011307
9604919848005260904,Tobie Evetts,B-,Ruchihe,tevettsrl@tuttocitta.it,6/26/2021,3252645912
2744749636415533457,Helena Waldera,O-,Luftinjë,hwalderarm@lulu.com,12/21/2021,1353490945
4954772815266657600,Micky Boomes,O+,Sé,mboomesrn@uiuc.edu,5/2/2019,1607850740
4744844471159731199,Hannah Mizen,AB+,Shuikou,hmizenro@symantec.com,6/22/2021,7212186279
2627325087595826336,Evelyn Corinton,A-,Yên Lập,ecorintonrp@scientificamerican.com,12/1/2021,3307017408
4975215639347279595,Melesa Sells,O-,Hīsh,msellsrq@uol.com.br,7/28/2021,1215089304
9289402450729097162,Brynne D'Aubney,AB+,San José de Río Tinto,bdaubneyrr@mit.edu,3/2/2019,7286180304
